cluster,cluster_type,count,closest_object_id,closest_dist_to_centroid,centroid_json
cluster_0,outliers,117,308349,13.94814277390221,"[0.145509, 0.273228, 0.169213, 0.05239, 0.007274, 0.049666, -0.028796, -0.108315, -0.141219, -0.185689, -0.182647, -0.160999, -0.14674, -0.163845, -0.212954, -0.237801, -0.282414, -0.271418, -0.283287, -0.350994, -0.359605, -0.361741, -0.334684, -0.30581, -0.337211, -0.334743, -0.378512, -0.446262, -0.467949, -0.470744, -0.48468, -0.480078, -0.413078, -0.402332, -0.397768, -0.378372, -0.393613, -0.386625, -0.386513, -0.41414, -0.408814, -0.423361, -0.453655, -0.47884, -0.505645, -0.487243, -0.487423, -0.424558, -0.425407, -0.436922, -0.479498, -0.527306, -0.598996, -0.651759, -0.68588, -0.677116, -0.663848, -0.704869, -0.759073, -0.725585, -0.763646, -0.57752, -0.157672, 0.245995, 0.045327, 0.135413, -0.000417, -0.022506, -0.143878, -0.276045, -0.314882, -0.340093, -0.369424, -0.34013, -0.417085, -0.372791, -0.366164, -0.339379, -0.309208, -0.287582, -0.302452, -0.365683, -0.367341, -0.431106, -0.48326, -0.517305, -0.535005, -0.525311, -0.510951, -0.476146, -0.481099, -0.511689, -0.525204, -0.545607, -0.556435, -0.59173, -0.599164, -0.592309, -0.599711, -0.610256, -0.6211, -0.608791, -0.618551, -0.622739, -0.62732, -0.637341, -0.686908, -0.696482, -0.695752, -0.71857, -0.694188, -0.725533, -0.740077, -0.766789, -0.800642, -0.841147, -0.901627, -0.928977, -0.904688, -0.925906, -0.817248, -0.884162, -0.876275, -0.873814, -0.896818, -0.859353, -0.736477, -0.342127, 0.07016, 0.105466, 0.122399, 0.136308, 0.14241, 0.177175, 0.177211, 0.141001, 0.139274, 0.125755, 0.087858, 0.05279, 0.051087, 0.040588, 0.032405, 0.018139, 0.00463, -0.000493, -0.001737, -0.001796, 0.013516, 0.032617, 0.050368, 0.07543, 0.111271, 0.150944, 0.193683, 0.252374, 0.331143, 0.369432, 0.384119, 0.38616, 0.393462, 0.37659, 0.347965, 0.297555, 0.238262, 0.184736, 0.136385, 0.096142, 0.065194, 0.036525, 0.017937, -0.001491, -0.012854, -0.024048, -0.025404, -0.012446, 0.008096, 0.024741, 0.031414, 0.041009, 0.038656, 0.063894, 0.083622, 0.094539, 0.102163, 0.133301, 0.140504, 0.127934, 0.106153, 0.073052, 0.075916, 0.065484, -0.055733, -0.050156, -0.044451, -0.039787, -0.002037, -0.014396, -0.019191, -0.015467, -0.015037, -0.011806, -0.010333, -0.009759, -0.016777, -0.021087, -0.029116, -0.040406, -0.038802, -0.041848, -0.040276, -0.030934, -0.013185, 0.010891, 0.061991, 0.156283, 0.273375, 0.334449, 0.39834, 0.432541, 0.452119, 0.468302, 0.445875, 0.433232, 0.440258, 0.410401, 0.384846, 0.354863, 0.291988, 0.246985, 0.177484, 0.1235, 0.032046, -0.010613, -0.036153, -0.055679, -0.067267, -0.077033, -0.080327, -0.085971, -0.087076, -0.06439, -0.067181, -0.054255, -0.043152, -0.029513, -0.022423, -0.036251, -0.031091, -0.034254, -0.026654, -0.003279, -0.027267, -0.00357, -0.028185, -0.045765, 0.275474, 0.275474, 1.902693, 1.902693, -1.029584, -0.826668, 1.310187, -0.890754, -0.570686, 1.892998, 1.620627, 1.983961, 0.119445, 0.30585, -0.424941, -0.191829, -0.517252, -0.517651, -0.074904, 2.641341, -0.417511, 0.150073, 0.662426, 2.16587, 0.821129, 0.537885, -0.10114, 0.256106, 0.150573, -0.22415, 0.844628, 0.81533, -0.459734, 1.021645, 1.021645, 0.984903, 0.642748, 0.642748, 1.031858, 1.031858, 0.491952]"
cluster_1,weird_cluster,164,50355,10.07948573381193,"[-0.15903, -0.273463, -0.319505, -0.543059, -0.756534, -0.801369, -0.845091, -0.911731, -0.906714, -0.78127, -0.796443, -0.809078, -0.730525, -0.82429, -0.899206, -0.860025, -0.82582, -0.838525, -0.855125, -0.848239, -0.863212, -0.869162, -0.905031, -0.881301, -0.858899, -0.855902, -0.844051, -0.827139, -0.786772, -0.795807, -0.835765, -0.848224, -0.84574, -0.820118, -0.809054, -0.811903, -0.794357, -0.780555, -0.774823, -0.78032, -0.78057, -0.79369, -0.800435, -0.798949, -0.802177, -0.808347, -0.805204, -0.795421, -0.791686, -0.787671, -0.784833, -0.788038, -0.789701, -0.798606, -0.806527, -0.801615, -0.790931, -0.773296, -0.753978, -0.740015, -0.707101, -0.719219, -0.66292, -0.374635, 0.202949, 0.005447, -0.160718, -0.382907, -0.546424, -0.689484, -0.740043, -0.800945, -0.908238, -0.939088, -0.910593, -0.909158, -0.925402, -0.964663, -1.016944, -1.029306, -0.987996, -0.952412, -0.906872, -0.989604, -0.997869, -0.993085, -0.984442, -0.95966, -0.944936, -0.924034, -0.908615, -0.892915, -0.911098, -0.901337, -0.880885, -0.877688, -0.862775, -0.849868, -0.831669, -0.834583, -0.818959, -0.833791, -0.820871, -0.821498, -0.821063, -0.823723, -0.820719, -0.819382, -0.814828, -0.806662, -0.805517, -0.800397, -0.790292, -0.778321, -0.773036, -0.780876, -0.78374, -0.798899, -0.80949, -0.811585, -0.810326, -0.790069, -0.810424, -0.820451, -0.818816, -0.767043, -0.650367, 0.092734, -0.068678, -0.089472, -0.06933, -0.071239, -0.042139, -0.055228, -0.046325, -0.055081, -0.078133, -0.083903, -0.082919, -0.085315, -0.074059, -0.073312, -0.079541, -0.079207, -0.078218, -0.075891, -0.071466, -0.064227, -0.051933, -0.03623, -0.020032, -0.002975, 0.018515, 0.04093, 0.079472, 0.117332, 0.161546, 0.193265, 0.203809, 0.208359, 0.207605, 0.202231, 0.182972, 0.152418, 0.115725, 0.081541, 0.043778, 0.014861, -0.01248, -0.029759, -0.04538, -0.057699, -0.069829, -0.076006, -0.084158, -0.085263, -0.086542, -0.086249, -0.083974, -0.082475, -0.073859, -0.066467, -0.06706, -0.07301, -0.049447, -0.042193, -0.052365, -0.066004, -0.093977, -0.085191, -0.08831, -0.079369, 0.082094, 0.14833, 0.168459, 0.201517, 0.157318, 0.152263, 0.129042, 0.118428, 0.088015, 0.062857, 0.030583, -0.003036, -0.024688, -0.041894, -0.062928, -0.080723, -0.087547, -0.090263, -0.090697, -0.088212, -0.081076, -0.068949, -0.050392, -0.027152, -0.000795, 0.015303, 0.035372, 0.048492, 0.072833, 0.089865, 0.102054, 0.100714, 0.093645, 0.093405, 0.087266, 0.07738, 0.060408, 0.049812, 0.022629, 7e-05, -0.019612, -0.049289, -0.065557, -0.078447, -0.08489, -0.09003, -0.086932, -0.083503, -0.081558, -0.076181, -0.054773, -0.039793, -0.032962, -0.007231, 0.024674, 0.049974, 0.061409, 0.072779, 0.105518, 0.120424, 0.141892, 0.143243, 0.134096, 0.094015, 0.887346, 0.887346, 1.167643, 1.167643, 0.021014, 0.086692, 1.258372, 0.130169, -0.189927, 0.597804, 0.3883, 0.803237, 0.703191, 0.78191, -0.06275, 0.462226, -0.66668, -0.515315, -0.044502, 1.279885, -0.859509, 0.597059, 0.330823, 1.080591, 0.844083, 0.756958, -0.1462, 0.536485, 0.362871, -0.105441, 0.010148, -0.066074, 0.112811, 1.051879, 1.051879, 0.85645, 0.855652, 0.855652, 0.985422, 0.985422, 0.242909]"
cluster_10,core,467,48664,1.808149752397908,"[0.004146, 0.378201, 0.516301, 0.615885, 0.6693, 0.707068, 0.769358, 0.834654, 0.902113, 0.95009, 0.989981, 1.031517, 1.083985, 1.133656, 1.180888, 1.224743, 1.256415, 1.285987, 1.308377, 1.340515, 1.373289, 1.398244, 1.41365, 1.422927, 1.43593, 1.444286, 1.448066, 1.450317, 1.426484, 1.402301, 1.376903, 1.330053, 1.26595, 1.205552, 1.14384, 1.074086, 0.999943, 0.923825, 0.842869, 0.768783, 0.695963, 0.629378, 0.566741, 0.505235, 0.453487, 0.405242, 0.363976, 0.326081, 0.297274, 0.271228, 0.253921, 0.244258, 0.246392, 0.260074, 0.287305, 0.330324, 0.389809, 0.468701, 0.547668, 0.592872, 0.592671, 0.52795, 0.412218, 0.074805, 0.059708, 0.375971, 0.502092, 0.579812, 0.639052, 0.706052, 0.763001, 0.82815, 0.905429, 0.961371, 1.016868, 1.061309, 1.101875, 1.139336, 1.182209, 1.220077, 1.243665, 1.270824, 1.290007, 1.329827, 1.358911, 1.385407, 1.404065, 1.419144, 1.428207, 1.432923, 1.435964, 1.43154, 1.418143, 1.392551, 1.363791, 1.316859, 1.261692, 1.206268, 1.142181, 1.074048, 1.003044, 0.930261, 0.847556, 0.773563, 0.699991, 0.632319, 0.569623, 0.504915, 0.450708, 0.40345, 0.361084, 0.325622, 0.29714, 0.26943, 0.250082, 0.240571, 0.241159, 0.25111, 0.27519, 0.321297, 0.375892, 0.4502, 0.519769, 0.558556, 0.553438, 0.482802, 0.37359, 0.083847, 0.009453, 0.006938, 0.003394, 0.002865, -0.001414, -0.005534, -0.006247, -0.005235, -0.007717, -0.009641, -0.011723, -0.010517, 0.003647, 0.042424, 0.103237, 0.166384, 0.231504, 0.286461, 0.320495, 0.342876, 0.352338, 0.352706, 0.345661, 0.318479, 0.283465, 0.2348, 0.163828, 0.098925, -0.001558, -0.064528, -0.071497, -0.072823, -0.07267, -0.070242, -0.04485, 0.014214, 0.098354, 0.172116, 0.253801, 0.290155, 0.321562, 0.340072, 0.344432, 0.351024, 0.341482, 0.319981, 0.283442, 0.224812, 0.163531, 0.097599, 0.037958, 0.00027, -0.012544, -0.017017, -0.011453, -0.010447, -0.00734, -0.008599, -0.006014, -0.003306, 0.000621, 0.004007, 0.005781, 0.006445, -0.011512, -0.016898, -0.01969, -0.020184, -0.018981, -0.01998, -0.023447, -0.026249, -0.028174, -0.030701, -0.027505, -0.028271, -0.030516, -0.027495, -0.025449, -0.021927, -0.016204, -0.00824, -0.010872, -0.007249, -0.004577, -0.001215, 0.00986, 0.010934, 0.00817, -0.001056, -0.012474, -0.01856, -0.026378, -0.033074, -0.038126, -0.039565, -0.039465, -0.037478, -0.033075, -0.026911, -0.017933, -0.009465, 0.002502, 0.007708, 0.013789, 0.009742, 0.000469, -0.006449, -0.009004, -0.013291, -0.010309, -0.015416, -0.023005, -0.026608, -0.027898, -0.028916, -0.025394, -0.023239, -0.026949, -0.024856, -0.019748, -0.018502, -0.016684, -0.014285, -0.015599, -0.014915, -0.010549, -0.009269, -1.163285, -1.163285, -0.935615, -0.935615, -0.820853, -1.342813, -0.745842, -1.201761, -0.377278, -0.188637, -0.076899, 0.135649, -1.221825, -0.870918, -1.449916, -1.473363, -0.082534, -0.07567, 0.049424, -0.462845, 0.797217, -1.47347, -0.041019, -0.358948, -0.150915, -0.083226, -0.007565, -0.118434, -0.08784, 0.017439, -0.052508, -0.050213, 0.021735, -0.335485, -0.335485, -0.32557, -0.150397, -0.150397, -0.418046, -0.418046, -0.163748]"
cluster_11,core,124,449875,6.576085913176459,"[0.181076, -0.305203, -0.482508, -0.701302, -0.764331, -0.889716, -0.952087, -1.002623, -1.027754, -1.068278, -1.021093, -1.061983, -1.195869, -1.171789, -1.134483, -1.111469, -1.05579, -1.006638, -0.934317, -0.852245, -0.785933, -0.730764, -0.68727, -0.661619, -0.64648, -0.640198, -0.642074, -0.6447, -0.655697, -0.674105, -0.700931, -0.725056, -0.75133, -0.771592, -0.786304, -0.804944, -0.820541, -0.828971, -0.832866, -0.831732, -0.828132, -0.818614, -0.804024, -0.784242, -0.765256, -0.745892, -0.722242, -0.699341, -0.682087, -0.665859, -0.650905, -0.631576, -0.615046, -0.605014, -0.607777, -0.633483, -0.666724, -0.730204, -0.816053, -0.905377, -0.977234, -1.026878, -1.018529, -0.774934, -0.067725, -0.231493, -0.305652, -0.350945, -0.468386, -0.609241, -0.711992, -0.856487, -0.9623, -1.093252, -1.244294, -1.387305, -1.451136, -1.477013, -1.494296, -1.550545, -1.562249, -1.55292, -1.530388, -1.510357, -1.477952, -1.442067, -1.400679, -1.358814, -1.317375, -1.271151, -1.218816, -1.162593, -1.10444, -1.049173, -0.987045, -0.922359, -0.855299, -0.789577, -0.718283, -0.650283, -0.588775, -0.525024, -0.454442, -0.399131, -0.345007, -0.289101, -0.231961, -0.170522, -0.12694, -0.089701, -0.053542, -0.004177, 0.049904, 0.100997, 0.145921, 0.182768, 0.21811, 0.254165, 0.277843, 0.298399, 0.300798, 0.285933, 0.252789, 0.215939, 0.193065, 0.208652, 0.322381, 0.576762, -0.292386, -0.27901, -0.23985, -0.215821, -0.184006, -0.129382, -0.151179, -0.153041, -0.125003, -0.105305, -0.112129, -0.11795, -0.121075, -0.125428, -0.142777, -0.150331, -0.156833, -0.148819, -0.145449, -0.139456, -0.135784, -0.11953, -0.105377, -0.089368, -0.067539, -0.047123, -0.021656, 0.001331, 0.031425, 0.05375, 0.066934, 0.073607, 0.075519, 0.077337, 0.066474, 0.047697, 0.023508, -0.002846, -0.028821, -0.047417, -0.064482, -0.080143, -0.0954, -0.106131, -0.113689, -0.120145, -0.127661, -0.136898, -0.144471, -0.152188, -0.164048, -0.174256, -0.192511, -0.203795, -0.22216, -0.222553, -0.232286, -0.21997, -0.207575, -0.215916, -0.223884, -0.231283, -0.239024, -0.230797, 0.308709, 0.357421, 0.341257, 0.320813, 0.294723, 0.283488, 0.258915, 0.241421, 0.108696, 0.027178, -0.003936, -0.032256, -0.052613, -0.076938, -0.097825, -0.113016, -0.120606, -0.126998, -0.127193, -0.126032, -0.121874, -0.115235, -0.10989, -0.105793, -0.095118, -0.086571, -0.07475, -0.06524, -0.05958, -0.048736, -0.035775, -0.024507, -0.014259, -0.006907, 0.000573, 0.00948, 0.016594, 0.017499, 0.026937, 0.015988, 0.002135, -0.011667, -0.02222, -0.027684, -0.021674, -0.005658, 0.013936, 0.041422, 0.066292, 0.090894, 0.138298, 0.154478, 0.187542, 0.215614, 0.260534, 0.295847, 0.326125, 0.324756, 0.287398, 0.233439, 0.238097, 0.228256, 0.234138, 0.233543, 0.955619, 0.955619, 0.989796, 0.989796, 0.248289, 0.228983, 0.961765, 0.314354, 0.119561, 0.447312, 0.043683, 0.592715, 0.739959, 0.758582, -0.149164, 0.502626, -0.653294, -0.522743, 0.20069, 1.410658, -0.823611, 1.13644, -0.105661, 0.998657, 1.648808, 1.615285, -0.138683, 0.486296, 0.394287, -0.046794, -0.030588, -0.072323, 0.08633, 1.797644, 1.797644, 1.507004, 1.697625, 1.697625, 1.597169, 1.597169, 0.22893]"
cluster_2,weird_cluster,108,197819,9.638398265353118,"[0.027692, 0.129949, 0.077399, 0.038558, -0.038866, -0.129914, -0.199702, -0.227444, -0.221842, -0.157877, -0.12976, -0.087337, -0.128296, -0.158665, -0.105596, -0.075722, -0.044773, -0.023042, 0.026569, 0.010055, 0.011497, 0.024597, 0.048054, 0.06942, 0.096995, 0.117072, 0.136256, 0.168639, 0.204111, 0.2418, 0.285548, 0.308485, 0.360346, 0.415971, 0.453473, 0.489445, 0.531417, 0.579955, 0.619165, 0.656743, 0.683131, 0.705008, 0.697825, 0.710556, 0.702716, 0.719148, 0.710817, 0.694885, 0.662478, 0.636878, 0.628981, 0.618748, 0.606954, 0.575708, 0.519731, 0.430094, 0.344022, 0.30441, 0.264465, 0.225694, 0.233891, 0.2171, 0.13538, 0.13017, 0.267589, 0.559334, 0.500659, 0.285714, 0.183203, 0.131439, 0.049934, 0.0334, 0.053137, 0.094888, 0.077065, 0.065338, 0.049616, 0.034424, 0.058904, 0.056781, 0.062359, 0.09503, 0.132215, 0.143902, 0.178862, 0.204602, 0.216435, 0.241732, 0.229171, 0.240006, 0.247931, 0.271696, 0.274874, 0.285774, 0.316125, 0.35523, 0.407156, 0.438415, 0.448769, 0.48343, 0.508865, 0.529087, 0.55216, 0.57955, 0.606189, 0.627064, 0.63375, 0.647837, 0.626703, 0.623776, 0.606043, 0.598875, 0.575183, 0.54748, 0.523164, 0.500306, 0.461548, 0.439985, 0.36653, 0.253034, 0.158075, 0.162077, 0.203524, 0.195582, 0.161492, 0.04313, 0.065633, -0.1157, 0.01671, 0.009693, 0.011768, 0.00981, 0.001444, -0.011988, -0.020582, -0.028614, -0.019319, -0.036001, -0.027667, -0.034146, -0.036356, -0.033596, -0.041962, -0.049726, -0.049588, -0.052154, -0.047535, -0.032711, -0.025203, -0.028646, -0.016422, -0.0057, 0.00436, 0.025194, 0.048026, 0.066582, 0.095291, 0.115038, 0.10991, 0.111092, 0.112131, 0.126006, 0.140651, 0.122143, 0.101787, 0.070846, 0.040639, 0.031619, 0.013644, -0.001877, -0.011609, -0.015622, -0.02744, -0.038029, -0.034662, -0.024458, -0.020951, -0.011816, 0.014488, 0.041541, 0.041492, 0.018546, 0.010297, -0.004812, -0.035371, -0.022406, -0.016875, -0.002842, 0.002296, 0.010143, 0.008359, 0.005505, -0.017821, -0.012947, -0.005577, 0.006484, 0.015052, 0.046, 0.086785, 0.107933, 0.147317, 0.227052, 0.268077, 0.303478, 0.274794, 0.241611, 0.182822, 0.17191, 0.1372, 0.102147, 0.065162, 0.03487, 0.028924, 0.051935, 0.072465, 0.073862, 0.089515, 0.129924, 0.134878, 0.141533, 0.149984, 0.138378, 0.146338, 0.146195, 0.130017, 0.145723, 0.154414, 0.155412, 0.183667, 0.195128, 0.183381, 0.146766, 0.104483, 0.052058, 0.032231, 0.014501, 0.011378, 0.038045, 0.047683, 0.068848, 0.098377, 0.126512, 0.192183, 0.208081, 0.235937, 0.233055, 0.196095, 0.16638, 0.146748, 0.116536, 0.069539, 0.029135, 0.022338, 0.004371, -0.005459, -0.005957, -0.420297, -0.420297, 1.250755, 1.250755, -1.415044, -1.073986, -0.057198, -1.22362, -1.002311, 1.600062, 1.840205, 1.391682, -0.415082, -0.34293, -0.48801, -0.365154, -0.186757, -0.088619, 0.028327, 1.355325, 0.29313, 0.541631, -0.058202, 1.301543, 0.077097, 0.028969, -0.338549, 0.269094, 0.305478, -0.667793, 0.578572, 0.907052, -0.817724, 0.459136, 0.459136, 0.66396, -0.049522, -0.049522, 0.868919, 0.868919, 0.606309]"
cluster_3,core,475,42541,2.9781128797963046,"[0.030835, -0.352267, -0.456632, -0.521572, -0.566996, -0.588994, -0.595723, -0.609732, -0.645379, -0.666743, -0.686692, -0.725611, -0.749766, -0.771114, -0.792299, -0.804913, -0.812774, -0.814648, -0.816847, -0.814411, -0.810583, -0.799635, -0.788542, -0.778854, -0.765837, -0.750179, -0.732157, -0.714111, -0.692192, -0.670703, -0.649197, -0.62736, -0.601649, -0.577065, -0.550259, -0.524002, -0.498287, -0.473615, -0.445266, -0.413131, -0.380216, -0.34804, -0.318701, -0.288921, -0.259632, -0.236081, -0.211277, -0.188323, -0.164005, -0.137115, -0.111596, -0.087077, -0.063689, -0.043032, -0.022672, 0.003576, 0.014988, 0.016864, 0.014339, 0.01855, 0.012321, -0.0026, -0.01549, 0.068837, -0.199066, -0.524697, -0.575302, -0.615316, -0.645174, -0.651762, -0.639739, -0.626652, -0.648278, -0.648423, -0.659693, -0.691524, -0.708787, -0.72346, -0.737752, -0.740735, -0.741763, -0.742489, -0.741843, -0.740236, -0.732465, -0.725348, -0.72168, -0.713698, -0.703326, -0.694844, -0.680902, -0.669574, -0.656912, -0.644488, -0.633783, -0.621669, -0.603228, -0.585329, -0.565192, -0.545013, -0.525081, -0.503097, -0.477998, -0.45108, -0.421652, -0.394464, -0.370039, -0.343406, -0.317526, -0.291312, -0.266899, -0.243446, -0.221366, -0.196353, -0.172246, -0.148762, -0.125513, -0.103854, -0.085979, -0.061405, -0.054017, -0.054676, -0.073508, -0.091882, -0.108497, -0.124447, -0.14948, -0.165227, 0.005474, 0.007326, 0.005062, 0.004786, -0.000426, -0.006674, 0.006801, 0.012519, 0.001095, -0.007566, -0.025133, -0.035482, -0.061281, -0.087027, -0.107429, -0.125704, -0.134372, -0.139441, -0.148968, -0.155145, -0.15692, -0.153322, -0.146632, -0.136711, -0.124872, -0.113111, -0.100915, -0.09224, -0.081786, -0.075049, -0.071447, -0.070045, -0.070932, -0.074175, -0.079259, -0.08619, -0.095177, -0.105128, -0.119484, -0.131199, -0.140048, -0.149835, -0.15681, -0.162115, -0.162598, -0.156887, -0.150483, -0.139225, -0.127496, -0.11217, -0.086094, -0.054065, -0.030153, 0.001964, 0.021711, 0.02974, 0.031211, 0.021822, 0.001142, -0.002792, 0.003753, 0.00565, 0.00621, 0.004024, -0.006675, -0.01163, -0.011019, -0.003205, 0.014552, 0.045401, 0.087492, 0.122119, 0.160939, 0.18694, 0.179783, 0.157155, 0.125894, 0.075907, 0.03153, 0.000499, -0.020101, -0.040678, -0.054902, -0.06601, -0.068577, -0.066291, -0.059202, -0.047451, -0.030357, -0.021804, -0.014127, -0.014276, -0.011946, -0.012893, -0.010988, -0.011833, -0.013247, -0.01495, -0.016123, -0.017125, -0.018355, -0.025891, -0.035881, -0.04506, -0.058827, -0.071158, -0.076795, -0.079141, -0.0767, -0.064676, -0.051806, -0.033143, -0.011084, 0.017663, 0.061173, 0.102441, 0.13779, 0.152335, 0.155283, 0.129271, 0.109239, 0.079598, 0.041868, 0.021604, 0.003404, -0.00448, -0.00458, -0.005765, 0.733353, 0.733353, 0.222286, 0.222286, 0.833692, 0.642335, 0.227525, 0.74526, 0.487347, -0.241069, -0.374205, -0.340942, 0.791063, 0.34314, 0.809529, 0.77914, 0.279798, 0.383823, -0.106023, -0.153384, -0.303918, 0.620869, 0.032897, -0.129547, -0.109983, -0.107338, 0.02759, -0.061527, -0.087727, 0.120943, -0.042746, -0.050825, 0.033727, -0.091388, -0.091388, -0.126177, -0.117922, -0.117922, -0.062564, -0.062564, -0.009944]"
cluster_4,core,525,458261,2.9572018595917737,"[-0.031149, -0.093028, -0.07504, -0.061235, -0.05606, -0.066855, -0.089044, -0.111276, -0.137833, -0.164245, -0.177555, -0.182426, -0.182539, -0.175718, -0.159673, -0.140163, -0.129774, -0.113483, -0.098026, -0.079072, -0.054754, -0.030302, -0.005385, 0.017901, 0.044715, 0.073663, 0.109421, 0.145238, 0.177774, 0.214863, 0.25589, 0.293002, 0.333311, 0.371496, 0.409599, 0.448279, 0.485182, 0.517032, 0.549552, 0.578351, 0.602424, 0.620867, 0.637714, 0.651291, 0.661595, 0.664345, 0.660927, 0.653682, 0.648293, 0.638039, 0.628633, 0.617632, 0.602695, 0.585144, 0.563259, 0.525549, 0.482814, 0.431771, 0.379076, 0.325097, 0.286963, 0.257467, 0.219794, 0.058187, -0.041515, -0.076489, -0.062169, -0.05537, -0.059067, -0.072, -0.089732, -0.118234, -0.143484, -0.169042, -0.174843, -0.17166, -0.165995, -0.160663, -0.144788, -0.122526, -0.107153, -0.086721, -0.07276, -0.051686, -0.025659, 0.000492, 0.027764, 0.053951, 0.079272, 0.10643, 0.143666, 0.175684, 0.212949, 0.251136, 0.289613, 0.326002, 0.367265, 0.405967, 0.444774, 0.482147, 0.515703, 0.54836, 0.58047, 0.607874, 0.627376, 0.644578, 0.660909, 0.669943, 0.676379, 0.679695, 0.678884, 0.674802, 0.668332, 0.659516, 0.648339, 0.634234, 0.614709, 0.591197, 0.569319, 0.535895, 0.490773, 0.436989, 0.382577, 0.339403, 0.307865, 0.281858, 0.223773, 0.042148, 0.009453, 0.006938, 0.003394, 0.002865, -0.002652, -0.007397, -0.009377, -0.011225, -0.015237, -0.018267, -0.014266, -0.004795, -0.004812, -0.001429, -0.003075, -0.018114, -0.042443, -0.065867, -0.075531, -0.088465, -0.10132, -0.109764, -0.110715, -0.105241, -0.093909, -0.088999, -0.087211, -0.083922, -0.076008, -0.069644, -0.068179, -0.068071, -0.068731, -0.070316, -0.071629, -0.078407, -0.083519, -0.086864, -0.08972, -0.09459, -0.10323, -0.108166, -0.10477, -0.097726, -0.086716, -0.072805, -0.05847, -0.044671, -0.022151, -0.004729, -0.001606, -0.013244, -0.016789, -0.022525, -0.020837, -0.018912, -0.013476, -0.011706, -0.007838, -0.00453, 0.000621, 0.004007, 0.005781, 0.006445, -0.011512, -0.016898, -0.01969, -0.020184, -0.016802, -0.01494, -0.016318, -0.017017, -0.009461, -0.003396, 0.006699, 0.033657, 0.078859, 0.140241, 0.201047, 0.207525, 0.187197, 0.152153, 0.107122, 0.06422, 0.0295, -0.004425, -0.018867, -0.01501, -0.010837, -0.009696, -0.011834, -0.010679, -0.01621, -0.018446, -0.016667, -0.015911, -0.013689, -0.015061, -0.013987, -0.011036, -0.005008, -0.005074, -0.003105, -0.001036, -0.008258, -0.010192, 0.003948, 0.038864, 0.075842, 0.120375, 0.165213, 0.195481, 0.21939, 0.208405, 0.146729, 0.09264, 0.043528, 0.012925, 0.00174, -0.004556, -0.009503, -0.010465, -0.010918, -0.011832, -0.015599, -0.014915, -0.010549, -0.009269, -0.260115, -0.260115, -0.395144, -0.395144, 0.144773, 0.581134, -0.516836, 0.382514, -0.230113, -0.330839, -0.181223, -0.377718, -0.00241, -0.464834, 0.423308, 0.147626, 0.326526, 0.258715, -0.047381, -0.178059, 0.582308, 0.680318, -0.089849, -0.144891, -0.110305, -0.051109, -0.104539, -0.009676, 0.02916, -0.016546, -0.050537, -0.0476, 0.015886, -0.125641, -0.125641, -0.085614, -0.092776, -0.092776, -0.106908, -0.106908, -0.064807]"
cluster_5,core,256,42293,4.710668628203818,"[-0.031242, 0.02689, 0.0214, 0.038325, 0.071406, 0.09701, 0.0785, 0.066406, 0.027326, 0.00432, -0.004507, 0.011449, 0.001656, 0.021105, -0.013484, -0.061893, -0.097181, -0.165027, -0.202048, -0.26633, -0.362374, -0.454567, -0.540684, -0.630593, -0.715877, -0.804977, -0.879219, -0.96574, -1.032149, -1.099092, -1.178395, -1.234268, -1.308249, -1.372064, -1.429341, -1.482557, -1.529107, -1.568717, -1.602019, -1.640065, -1.668665, -1.688009, -1.702084, -1.716507, -1.721367, -1.725011, -1.725404, -1.730436, -1.729709, -1.727384, -1.72326, -1.714656, -1.705428, -1.695093, -1.66911, -1.634392, -1.589416, -1.516311, -1.428077, -1.30684, -1.151311, -0.936183, -0.680717, -0.059852, 0.005286, 0.024777, 0.039985, 0.061838, 0.143226, 0.163866, 0.135677, 0.106461, 0.060224, 0.062841, 0.046286, 0.045207, 0.027981, 0.022662, -0.006215, -0.043981, -0.086026, -0.146325, -0.200965, -0.243858, -0.323495, -0.411606, -0.501294, -0.596803, -0.676705, -0.765488, -0.860397, -0.939729, -1.013048, -1.080035, -1.156757, -1.213446, -1.30189, -1.366637, -1.427875, -1.483407, -1.532233, -1.573469, -1.613802, -1.655306, -1.687459, -1.711376, -1.727987, -1.740204, -1.745056, -1.751243, -1.755678, -1.755091, -1.754709, -1.749185, -1.742985, -1.73261, -1.717962, -1.705922, -1.682776, -1.660302, -1.61851, -1.545228, -1.440099, -1.318626, -1.164417, -0.919439, -0.625614, -0.121367, 0.155752, 0.20672, 0.23501, 0.234277, 0.249708, 0.254829, 0.238392, 0.214543, 0.191633, 0.176476, 0.155483, 0.131841, 0.112366, 0.077057, 0.039046, 0.015208, -0.004602, -0.016481, -0.01751, -0.012382, -0.00029, 0.015894, 0.025503, 0.042935, 0.056894, 0.086835, 0.126354, 0.163796, 0.212757, 0.248161, 0.256396, 0.260785, 0.258838, 0.257309, 0.23731, 0.202959, 0.166796, 0.127641, 0.093199, 0.063233, 0.042291, 0.026802, 0.0137, 0.000406, -0.008768, -0.011409, -0.005754, 0.005203, 0.017059, 0.048888, 0.080527, 0.112367, 0.130109, 0.156994, 0.178412, 0.206876, 0.235801, 0.256357, 0.285484, 0.283762, 0.271898, 0.245823, 0.215004, 0.171911, -0.153991, -0.171204, -0.177415, -0.183602, -0.202113, -0.203415, -0.203348, -0.205685, -0.199852, -0.202805, -0.197089, -0.192331, -0.181485, -0.179348, -0.176077, -0.171501, -0.162611, -0.149759, -0.138139, -0.126709, -0.116613, -0.105651, -0.096817, -0.087341, -0.073192, -0.063755, -0.055099, -0.048308, -0.045714, -0.039648, -0.035345, -0.031238, -0.030133, -0.031126, -0.035288, -0.041774, -0.050595, -0.060285, -0.069582, -0.077855, -0.089288, -0.099051, -0.108734, -0.116815, -0.128344, -0.140071, -0.151939, -0.164295, -0.174599, -0.181958, -0.188957, -0.193946, -0.203275, -0.213482, -0.221369, -0.220103, -0.235011, -0.233266, -0.226924, -0.232497, -0.211577, -0.204482, -0.203965, -0.163273, 0.985849, 0.985849, 0.497277, 0.497277, 0.814875, 0.233562, 1.593952, 0.569419, 1.169221, 6.3e-05, -0.463273, 0.003284, 0.918765, 1.265159, 0.337155, 0.750217, -0.31801, -1.225983, 0.013501, -0.170094, -1.309032, -0.522959, -0.032357, -0.249748, -0.001107, 0.023556, 0.107885, -0.085043, -0.06368, 0.103397, -0.048795, -0.041301, 0.041728, -0.02669, -0.02669, -0.095733, 0.037598, 0.037598, -0.047314, -0.047314, -0.049428]"
cluster_6,core,317,308425,3.7406271158974644,"[0.139727, 0.283718, 0.296781, 0.326438, 0.333525, 0.366235, 0.40917, 0.450525, 0.470299, 0.451499, 0.434049, 0.413799, 0.393106, 0.367362, 0.350245, 0.300514, 0.265706, 0.238681, 0.199885, 0.166722, 0.12751, 0.080757, 0.042983, 0.007525, -0.044572, -0.07874, -0.12197, -0.155281, -0.18697, -0.215796, -0.245387, -0.269864, -0.297386, -0.326831, -0.354294, -0.38136, -0.405346, -0.432068, -0.460888, -0.481204, -0.503105, -0.517913, -0.527388, -0.538437, -0.54269, -0.548348, -0.549204, -0.554951, -0.555228, -0.553728, -0.553227, -0.554059, -0.54843, -0.532768, -0.520937, -0.495775, -0.467804, -0.421795, -0.357451, -0.315997, -0.249228, -0.184259, -0.123114, 0.008326, 0.004586, 0.15753, 0.181246, 0.21743, 0.227817, 0.263273, 0.293279, 0.316423, 0.346705, 0.360926, 0.361765, 0.35783, 0.338999, 0.323621, 0.309142, 0.273035, 0.244346, 0.220898, 0.193569, 0.175168, 0.137341, 0.09566, 0.061728, 0.019707, -0.018824, -0.053995, -0.093253, -0.125832, -0.154034, -0.182634, -0.221877, -0.25413, -0.28856, -0.322575, -0.353584, -0.380234, -0.405117, -0.433346, -0.461596, -0.483432, -0.49993, -0.509844, -0.518778, -0.529182, -0.539983, -0.545574, -0.549006, -0.549936, -0.552212, -0.553826, -0.548246, -0.545542, -0.537716, -0.517301, -0.503356, -0.479065, -0.449588, -0.402087, -0.342445, -0.285653, -0.226758, -0.185705, -0.125982, 0.016917, 0.018197, 0.018465, 0.016095, 0.018501, 0.023124, 0.033936, 0.062769, 0.113336, 0.173884, 0.215863, 0.26176, 0.274758, 0.25229, 0.202122, 0.153833, 0.105843, 0.078972, 0.048785, 0.024169, 0.012114, 0.002942, -0.004447, -0.005478, -0.0116, -0.012547, -0.009504, -0.010784, -0.027166, -0.029336, -0.029399, -0.028532, -0.031184, -0.032105, -0.034304, -0.035367, -0.03363, -0.030271, -0.020542, -0.012243, -0.012593, -0.015295, -0.017589, -0.012249, -0.000155, 0.009082, 0.01898, 0.033942, 0.067261, 0.1015, 0.150711, 0.20097, 0.254458, 0.283504, 0.264359, 0.222342, 0.177853, 0.118652, 0.071175, 0.035506, 0.019314, 0.01629, 0.015053, 0.015618, 0.012223, -0.01846, -0.020146, -0.020251, -0.019709, -0.016603, -0.019429, -0.015859, -0.013947, -0.009045, -0.005205, 0.003459, -0.001813, -0.019433, -0.042313, -0.072168, -0.086831, -0.094881, -0.098642, -0.098448, -0.096817, -0.09217, -0.084112, -0.074057, -0.061537, -0.045872, -0.036072, -0.026725, -0.020964, -0.018634, -0.017564, -0.015783, -0.01554, -0.01613, -0.016328, -0.017623, -0.018348, -0.02218, -0.028836, -0.038157, -0.048375, -0.061441, -0.074045, -0.083544, -0.088743, -0.095145, -0.095912, -0.096584, -0.090231, -0.081546, -0.067341, -0.044864, -0.020772, -0.005405, 0.000836, -0.006526, -0.008295, -0.014759, -0.013881, -0.016248, -0.011727, -0.014988, -0.01506, -0.012771, -0.013176, 0.190007, 0.190007, 0.067162, 0.067162, 0.27033, -0.139568, 0.142505, 0.218827, 0.203768, 0.198373, -0.06494, 0.189384, 0.578919, 0.211106, -0.14808, -0.193327, 0.313767, 0.353701, 0.046116, -0.063097, -0.191258, -0.67666, -0.006902, -0.010826, -0.14164, -0.203351, 0.231815, -0.07372, -0.076052, 0.096678, -0.056437, -0.065463, 0.034011, -0.056275, -0.056275, -0.044056, -0.119534, -0.119534, -0.01604, -0.01604, 0.002426]"
cluster_7,core,373,52753,3.6243793244202873,"[-0.107226, -0.474129, -0.664462, -0.797876, -0.847969, -0.95224, -1.059856, -1.148476, -1.215073, -1.28269, -1.332169, -1.38709, -1.428687, -1.456851, -1.48953, -1.512416, -1.528826, -1.537255, -1.536352, -1.542672, -1.544498, -1.541475, -1.531867, -1.522579, -1.513452, -1.504896, -1.498362, -1.489751, -1.474257, -1.466941, -1.462472, -1.448078, -1.424741, -1.408186, -1.392121, -1.379114, -1.366349, -1.353854, -1.337067, -1.316447, -1.298199, -1.27568, -1.251675, -1.228675, -1.20554, -1.181854, -1.156246, -1.135343, -1.113942, -1.090579, -1.07228, -1.053275, -1.036005, -1.018996, -1.000311, -0.974651, -0.953303, -0.933388, -0.914001, -0.876317, -0.807716, -0.68904, -0.511376, -0.057209, -0.067498, -0.510365, -0.694552, -0.815581, -0.898482, -0.987364, -1.071437, -1.128873, -1.204013, -1.272938, -1.313447, -1.357422, -1.377785, -1.394105, -1.427109, -1.4458, -1.453068, -1.452165, -1.453849, -1.466025, -1.465185, -1.466968, -1.462745, -1.458803, -1.451858, -1.447821, -1.44304, -1.438737, -1.433571, -1.430541, -1.427645, -1.419294, -1.411206, -1.401573, -1.390943, -1.381433, -1.371568, -1.360864, -1.346348, -1.330946, -1.311412, -1.29177, -1.270838, -1.247349, -1.224809, -1.201515, -1.179354, -1.154606, -1.131857, -1.108532, -1.087964, -1.066794, -1.049585, -1.03507, -1.018945, -0.99856, -0.983036, -0.966234, -0.943694, -0.903935, -0.836044, -0.70581, -0.535312, -0.135296, -0.078305, -0.10704, -0.130781, -0.140144, -0.146731, -0.148437, -0.168853, -0.180192, -0.186531, -0.187752, -0.196593, -0.20057, -0.194323, -0.194222, -0.193741, -0.193111, -0.188373, -0.186038, -0.178884, -0.172681, -0.164015, -0.150551, -0.136702, -0.121621, -0.103499, -0.08587, -0.066572, -0.050313, -0.032268, -0.018569, -0.012985, -0.009767, -0.010714, -0.012438, -0.020577, -0.034139, -0.050526, -0.068193, -0.08752, -0.105641, -0.123096, -0.138168, -0.151512, -0.165212, -0.174689, -0.181588, -0.188537, -0.192523, -0.192639, -0.191441, -0.191849, -0.191782, -0.191904, -0.186175, -0.190149, -0.181089, -0.17371, -0.159946, -0.140647, -0.127075, -0.1267, -0.1212, -0.106971, -0.077773, 0.074104, 0.073397, 0.084197, 0.067928, 0.059794, 0.025886, -0.008201, -0.038562, -0.056819, -0.083901, -0.102405, -0.115832, -0.12244, -0.129654, -0.135719, -0.141481, -0.139569, -0.134112, -0.127632, -0.1193, -0.110682, -0.100194, -0.090117, -0.078987, -0.064876, -0.056195, -0.047316, -0.040764, -0.037877, -0.032984, -0.029712, -0.028199, -0.028859, -0.031335, -0.035609, -0.041611, -0.048455, -0.056534, -0.065053, -0.072935, -0.084782, -0.094685, -0.104733, -0.111834, -0.121326, -0.129702, -0.137122, -0.142692, -0.145299, -0.141872, -0.138074, -0.132641, -0.127396, -0.118438, -0.099825, -0.0673, -0.046464, -0.007498, 0.04181, 0.075445, 0.095877, 0.097973, 0.085563, 0.076258, 1.712294, 1.712294, 0.71051, 0.71051, 1.413846, 1.020304, 0.995305, 1.042223, 1.238261, -0.598774, -0.705178, -0.782184, 1.074737, 1.705686, 0.851931, 1.437104, -0.522036, -0.066057, -0.028755, -0.350721, -1.728325, 0.6262, -0.0359, -0.310595, -0.183583, -0.150776, 0.070576, -0.005924, 0.01281, 0.066262, -0.043113, -0.035319, 0.029472, -0.2613, -0.2613, -0.303934, -0.179289, -0.179289, -0.282173, -0.282173, -0.100467]"
cluster_8,core,411,199273,3.529611696907174,"[0.02435, 0.376207, 0.443851, 0.487743, 0.512842, 0.543703, 0.581372, 0.608834, 0.643342, 0.66151, 0.669765, 0.688729, 0.691243, 0.689594, 0.697128, 0.689999, 0.694525, 0.696557, 0.688031, 0.685102, 0.686134, 0.679146, 0.673821, 0.657824, 0.648391, 0.635323, 0.618835, 0.594217, 0.561085, 0.535026, 0.519958, 0.501297, 0.470304, 0.443219, 0.41947, 0.397, 0.378395, 0.358737, 0.338409, 0.322251, 0.304494, 0.290234, 0.27956, 0.265714, 0.25305, 0.241606, 0.234603, 0.228164, 0.225469, 0.225799, 0.226348, 0.228535, 0.236891, 0.249424, 0.2671, 0.286102, 0.304337, 0.320487, 0.327101, 0.322866, 0.303915, 0.272309, 0.211084, 0.017633, 0.179832, 0.461092, 0.510538, 0.528905, 0.556514, 0.592815, 0.623991, 0.644669, 0.689972, 0.702465, 0.72245, 0.735751, 0.739325, 0.731765, 0.726802, 0.726263, 0.727804, 0.71673, 0.710186, 0.713016, 0.712922, 0.711698, 0.708406, 0.693597, 0.674056, 0.655942, 0.630295, 0.607174, 0.58032, 0.551992, 0.528328, 0.506606, 0.481859, 0.455467, 0.433064, 0.40833, 0.385024, 0.361694, 0.338417, 0.320402, 0.301491, 0.280993, 0.264956, 0.249688, 0.238236, 0.226565, 0.215004, 0.206343, 0.197942, 0.194809, 0.193451, 0.19559, 0.204949, 0.214685, 0.227048, 0.245334, 0.261196, 0.27835, 0.282984, 0.294496, 0.290882, 0.291775, 0.242709, 0.056019, 0.009453, 0.006938, 0.003394, 0.002865, -0.001414, -0.005534, -0.00501, -0.00625, -0.008603, -0.006047, 0.010304, 0.037658, 0.08296, 0.13205, 0.167148, 0.195414, 0.190962, 0.18135, 0.157631, 0.120408, 0.09437, 0.076168, 0.054248, 0.049378, 0.041692, 0.03345, 0.027011, 0.019568, 0.004333, -0.010437, -0.02374, -0.028919, -0.027327, -0.020871, -0.012044, 0.011364, 0.015873, 0.022593, 0.018806, 0.03476, 0.042552, 0.064361, 0.081696, 0.103322, 0.133886, 0.165242, 0.190703, 0.20667, 0.204613, 0.178231, 0.139236, 0.089036, 0.040377, 0.005773, -0.007618, -0.01131, -0.008335, -0.007241, -0.006014, -0.003306, 0.000621, 0.004007, 0.005781, 0.006445, -0.011512, -0.016898, -0.01969, -0.020184, -0.018981, -0.01998, -0.022809, -0.025182, -0.027057, -0.02788, -0.025695, -0.011623, 0.002183, 0.020516, 0.034145, 0.055207, 0.050617, 0.023092, 0.000101, -0.021572, -0.030918, -0.035116, -0.027761, -0.020032, -0.014666, -0.016307, -0.016977, -0.019453, -0.022096, -0.023676, -0.026296, -0.025531, -0.024706, -0.02433, -0.02154, -0.018378, -0.014376, -0.011849, -0.015026, -0.018606, -0.023478, -0.026693, -0.030066, -0.033155, -0.025962, -0.005529, 0.014947, 0.038847, 0.042976, 0.02241, 0.007085, -0.004193, -0.015579, -0.02226, -0.024364, -0.023754, -0.018613, -0.017883, -0.016684, -0.014285, -0.015599, -0.014915, -0.010549, -0.009269, -0.605173, -0.605173, -0.422339, -0.422339, -0.369998, -0.35338, -0.53016, -0.141204, -0.239814, 0.186981, 0.109937, 0.104877, -0.131522, -0.471328, -0.458279, -0.671547, 0.18861, 0.181611, 0.067632, -0.084706, 0.553169, -0.791862, -0.060085, -0.084075, -0.082475, -0.123067, 0.061701, -0.040561, -0.041349, -0.023243, -0.038483, -0.060228, 0.054957, -0.021974, -0.021974, 0.110531, -0.072563, -0.072563, 0.007371, 0.007371, 0.039828]"
cluster_9,core,551,48665,3.036137855234542,"[-0.041607, 0.002983, 0.118185, 0.257458, 0.344635, 0.409133, 0.469322, 0.522105, 0.557139, 0.582471, 0.60776, 0.63807, 0.66902, 0.69697, 0.716263, 0.725871, 0.720753, 0.719168, 0.714091, 0.719195, 0.723675, 0.729928, 0.733322, 0.739582, 0.753434, 0.763516, 0.780373, 0.804275, 0.825999, 0.854842, 0.893137, 0.926539, 0.958606, 0.991554, 1.025394, 1.067149, 1.106619, 1.14629, 1.186794, 1.221782, 1.251931, 1.276517, 1.298529, 1.317823, 1.329021, 1.33479, 1.335615, 1.332854, 1.330322, 1.323597, 1.316605, 1.304886, 1.286008, 1.256372, 1.213076, 1.1478, 1.081576, 1.001278, 0.923574, 0.846968, 0.758716, 0.638994, 0.46385, 0.078561, -0.040221, 0.018053, 0.114723, 0.237274, 0.329028, 0.405838, 0.455988, 0.499601, 0.556046, 0.5853, 0.618575, 0.652579, 0.678513, 0.697137, 0.71403, 0.726831, 0.72529, 0.726917, 0.718368, 0.731166, 0.732671, 0.738884, 0.744264, 0.752764, 0.766885, 0.775824, 0.791456, 0.80938, 0.835707, 0.863812, 0.892493, 0.92692, 0.964217, 0.995488, 1.029357, 1.068253, 1.105808, 1.146473, 1.184686, 1.216199, 1.24336, 1.265943, 1.288574, 1.304047, 1.316124, 1.324056, 1.327166, 1.326292, 1.322113, 1.313386, 1.300922, 1.286997, 1.26846, 1.235762, 1.188939, 1.131416, 1.057677, 0.971707, 0.882668, 0.79447, 0.710614, 0.579073, 0.408042, 0.065599, 0.009453, 0.006938, 0.003394, 0.002865, -0.001414, -0.005534, -0.006247, -0.007397, -0.01067, -0.013449, -0.01556, -0.02015, -0.027796, -0.030662, -0.034978, -0.035087, -0.030839, -0.023159, -0.009812, 0.010592, 0.020357, 0.01447, 0.004513, -0.013475, -0.038168, -0.05696, -0.065665, -0.067236, -0.06326, -0.062897, -0.067891, -0.070429, -0.070237, -0.067609, -0.063283, -0.066578, -0.069727, -0.067401, -0.061127, -0.039604, -0.011001, 0.0067, 0.018837, 0.014467, 0.005085, -0.010311, -0.020299, -0.029276, -0.035464, -0.037302, -0.031041, -0.029278, -0.022174, -0.02067, -0.01538, -0.013493, -0.009621, -0.008599, -0.006014, -0.003306, 0.000621, 0.004007, 0.005781, 0.006445, -0.011512, -0.016898, -0.01969, -0.020184, -0.018981, -0.01998, -0.023447, -0.02579, -0.025485, -0.023909, -0.018555, -0.01535, -0.012157, -0.008716, 0.003653, 0.028998, 0.074108, 0.141282, 0.21302, 0.267633, 0.288774, 0.287854, 0.24232, 0.174564, 0.090873, 0.047955, 0.014969, -0.004516, -0.01149, -0.017106, -0.022788, -0.024628, -0.024477, -0.019736, -0.016123, -0.011051, -0.004128, 0.017429, 0.054868, 0.101944, 0.176705, 0.24477, 0.279826, 0.280986, 0.259552, 0.20148, 0.134264, 0.071536, 0.022919, 0.002455, -0.005333, -0.009278, -0.012798, -0.014241, -0.019978, -0.022088, -0.019196, -0.018502, -0.016684, -0.014285, -0.015599, -0.014915, -0.010549, -0.009269, -1.128778, -1.128778, -0.677242, -0.677242, -0.942318, -0.115962, -1.030403, -0.659543, -0.85367, -0.159545, 0.378184, -0.18689, -1.353293, -1.028289, 0.059473, -0.411233, 0.189461, 0.160418, 0.009303, -0.414826, 0.979457, 0.292924, -0.0238, -0.312192, -0.216142, -0.197026, -0.032499, -0.097415, -0.070782, -0.014052, -0.046355, -0.057564, 0.042364, -0.303675, -0.303675, -0.273924, -0.219173, -0.219173, -0.315315, -0.315315, -0.078144]"
