objectID,color_eligible,color_analysis_status,primary_image_url,bw_grayscale_ratio,top_color_hex,dominant_colors_hex,dominant_colors_share,color_group_id,color_group_label,no_bg_image_path,no_bg_image_exists,dominant_color_foreground_pixels
2292,True,eligible,https://images.metmuseum.org/CRDImages/ad/original/DP207937.jpg,0.05752800,#030302,"[""#030302"", ""#0b0b04"", ""#0c0c0a"", ""#0a0403"", ""#fefefe"", ""#13130c"", ""#141413"", ""#1b1b14""]","[0.15883, 0.039685, 0.03214, 0.03114, 0.030085, 0.02186, 0.02026, 0.016685]",3,yellow,/Users/oliviakasmin/Desktop/okasmin-parsons-thesis-2026/process_data/generated/real_images/2292_no_bg.png,True,281030
2432,True,eligible,https://images.metmuseum.org/CRDImages/ad/original/DP258508.jpg,0.86874800,#dcdcdc,"[""#dcdcdc"", ""#d4d3d4"", ""#e2e2e3"", ""#cccccc"", ""#b3b3b3"", ""#c4c4c4"", ""#acacab"", ""#a4a4a4""]","[0.066875, 0.05694, 0.048805, 0.04826, 0.0451, 0.044225, 0.043585, 0.04052]",0,red,/Users/oliviakasmin/Desktop/okasmin-parsons-thesis-2026/process_data/generated/real_images/2432_no_bg.png,True,305158
2473,True,eligible,https://images.metmuseum.org/CRDImages/ad/original/DP207935.jpg,0.73013600,#fefefe,"[""#fefefe"", ""#030302"", ""#2c1b03"", ""#3b2403"", ""#141513"", ""#4b3414"", ""#241303"", ""#331c03""]","[0.02143, 0.011825, 0.009925, 0.009455, 0.009265, 0.00921, 0.009045, 0.008775]",8,orange,/Users/oliviakasmin/Desktop/okasmin-parsons-thesis-2026/process_data/generated/real_images/2473_no_bg.png,True,233140
2539,True,eligible,https://images.metmuseum.org/CRDImages/ad/original/DP259092.jpg,0.40776400,#3b1b1b,"[""#3b1b1b"", ""#2c1414"", ""#431d1b"", ""#fdfdfd"", ""#5b2b24"", ""#53231d"", ""#532522"", ""#4c221d""]","[0.02159, 0.019845, 0.01973, 0.017455, 0.016045, 0.015855, 0.01568, 0.01542]",5,orange,/Users/oliviakasmin/Desktop/okasmin-parsons-thesis-2026/process_data/generated/real_images/2539_no_bg.png,True,281617
2561,False,bw_original,https://images.metmuseum.org/CRDImages/ad/original/150675.jpg,1.00000000,,[],[],,,/Users/oliviakasmin/Desktop/okasmin-parsons-thesis-2026/process_data/generated/real_images/2561_no_bg.png,False,
2635,True,eligible,https://images.metmuseum.org/CRDImages/ad/original/DP-26112-001.jpg,0.00205200,#bdbdbb,"[""#bdbdbb"", ""#c4c4c2"", ""#aaaba5"", ""#a2a39d"", ""#adadaa"", ""#b2b2ad"", ""#9b9b95"", ""#a5a6a2""]","[0.073285, 0.069875, 0.05515, 0.052215, 0.049065, 0.047815, 0.0478, 0.04406]",7,gray,/Users/oliviakasmin/Desktop/okasmin-parsons-thesis-2026/process_data/generated/real_images/2635_no_bg.png,True,284149
2636,True,eligible,https://images.metmuseum.org/CRDImages/ad/original/DP235772.jpg,0.82323600,#c4c4c4,"[""#c4c4c4"", ""#bcbcbc"", ""#b4b4b4"", ""#acacac"", ""#a4a4a4"", ""#9c9c9c"", ""#cacacb"", ""#949494""]","[0.12106, 0.118, 0.07792, 0.06533, 0.06282, 0.04953, 0.0458, 0.0357]",0,red,/Users/oliviakasmin/Desktop/okasmin-parsons-thesis-2026/process_data/generated/real_images/2636_no_bg.png,True,336300
2646,False,bw_original,https://images.metmuseum.org/CRDImages/es/original/156516.jpg,1.00000000,,[],[],,,/Users/oliviakasmin/Desktop/okasmin-parsons-thesis-2026/process_data/generated/real_images/2646_no_bg.png,False,
2647,False,bw_original,https://images.metmuseum.org/CRDImages/ad/original/156517.jpg,1.00000000,,[],[],,,/Users/oliviakasmin/Desktop/okasmin-parsons-thesis-2026/process_data/generated/real_images/2647_no_bg.png,False,
2737,True,eligible,https://images.metmuseum.org/CRDImages/ad/original/ADA5412.jpg,0.00415200,#cbbba4,"[""#cbbba4"", ""#fdfdfd"", ""#cdbdaa"", ""#d5cab3"", ""#d2c3ac"", ""#c4b49b"", ""#d3c5b2"", ""#a39474""]","[0.01936, 0.01711, 0.016805, 0.01661, 0.01586, 0.015155, 0.01235, 0.010695]",9,white,/Users/oliviakasmin/Desktop/okasmin-parsons-thesis-2026/process_data/generated/real_images/2737_no_bg.png,True,300049
3463,True,eligible,https://images.metmuseum.org/CRDImages/ad/original/DP248988.jpg,0.39064800,#020203,"[""#020203"", ""#02030b"", ""#020313"", ""#02031b"", ""#fefefd"", ""#030423"", ""#aba494"", ""#a29c8c""]","[0.038455, 0.031375, 0.027825, 0.02239, 0.016565, 0.014175, 0.013595, 0.011595]",4,blue,/Users/oliviakasmin/Desktop/okasmin-parsons-thesis-2026/process_data/generated/real_images/3463_no_bg.png,True,234530
3469,True,eligible,https://images.metmuseum.org/CRDImages/ad/original/DP248997.jpg,0.47414800,#636463,"[""#636463"", ""#5b5c5c"", ""#6b6b6b"", ""#535454"", ""#4c5253"", ""#444b4c"", ""#555a5b"", ""#5d6262""]","[0.08672353, 0.08043262, 0.04284971, 0.04085028, 0.02532078, 0.02388487, 0.02098596, 0.01976679]",4,blue,/Users/oliviakasmin/Desktop/okasmin-parsons-thesis-2026/process_data/generated/real_images/3469_no_bg.png,True,184552
3561,True,eligible,https://images.metmuseum.org/CRDImages/ad/original/DP265358.jpg,0.38986400,#fdfdfd,"[""#fdfdfd"", ""#1c325c"", ""#ccc4c3"", ""#e4dcdb"", ""#1c3363"", ""#ece4e3"", ""#c4bcbb"", ""#d4cccb""]","[0.04136099, 0.01338844, 0.01182375, 0.01110783, 0.01081999, 0.01076832, 0.0105469, 0.01011883]",0,red,/Users/oliviakasmin/Desktop/okasmin-parsons-thesis-2026/process_data/generated/real_images/3561_no_bg.png,True,135490
3563,False,bw_original,https://images.metmuseum.org/CRDImages/ad/original/140826.jpg,1.00000000,,[],[],,,/Users/oliviakasmin/Desktop/okasmin-parsons-thesis-2026/process_data/generated/real_images/3563_no_bg.png,False,
3761,False,bw_original,https://images.metmuseum.org/CRDImages/ad/original/148993.jpg,1.00000000,,[],[],,,/Users/oliviakasmin/Desktop/okasmin-parsons-thesis-2026/process_data/generated/real_images/3761_no_bg.png,False,
3992,True,eligible,https://images.metmuseum.org/CRDImages/ad/original/DP23068.jpg,0.01024000,#fdfdfd,"[""#fdfdfd"", ""#c3bdb3"", ""#d4d2cb"", ""#cdccca"", ""#bab3a4"", ""#dddad3"", ""#d2cdc4"", ""#8b7c6b""]","[0.02205073, 0.0181591, 0.01677749, 0.01655181, 0.01617751, 0.01555551, 0.01496653, 0.01469131]",9,white,/Users/oliviakasmin/Desktop/okasmin-parsons-thesis-2026/process_data/generated/real_images/3992_no_bg.png,True,181672
4480,True,eligible,https://images.metmuseum.org/CRDImages/ad/original/DP252041.jpg,0.67500400,#fdfdfd,"[""#fdfdfd"", ""#cccab5"", ""#d2cdba"", ""#cdcbba"", ""#cbc5b3"", ""#c5c4b3"", ""#7c7c73"", ""#020201""]","[0.012705, 0.01096, 0.01007, 0.00804, 0.00753, 0.00604, 0.00594, 0.004965]",8,orange,/Users/oliviakasmin/Desktop/okasmin-parsons-thesis-2026/process_data/generated/real_images/4480_no_bg.png,True,470488
4508,True,eligible,https://images.metmuseum.org/CRDImages/ad/original/DP250014.jpg,0.17226400,#fefefe,"[""#fefefe"", ""#cbc4a4"", ""#1c2c43"", ""#1c2b3c"", ""#c3bc9b"", ""#23334b"", ""#c4bb94"", ""#142334""]","[0.01364, 0.0063, 0.006175, 0.00579, 0.005645, 0.005105, 0.004745, 0.00474]",8,orange,/Users/oliviakasmin/Desktop/okasmin-parsons-thesis-2026/process_data/generated/real_images/4508_no_bg.png,True,339395
4585,True,eligible,https://images.metmuseum.org/CRDImages/ad/original/DP207774.jpg,0.12086400,#5c3b23,"[""#5c3b23"", ""#fdfdfd"", ""#53341c"", ""#9c734b"", ""#a47c5b"", ""#64432b"", ""#bc9c82"", ""#a37b54""]","[0.023755, 0.01932, 0.01912, 0.016345, 0.016065, 0.015955, 0.015115, 0.01415]",5,orange,/Users/oliviakasmin/Desktop/okasmin-parsons-thesis-2026/process_data/generated/real_images/4585_no_bg.png,True,344300
4895,True,eligible,https://images.metmuseum.org/CRDImages/ad/original/DP-26109-003.jpg,0.72571600,#b2b2ad,"[""#b2b2ad"", ""#babbb5"", ""#b5b5b2"", ""#bdbdba"", ""#adadaa"", ""#aaaba5"", ""#a2a39d"", ""#c5c5c2""]","[0.08689, 0.08466, 0.07852, 0.0774, 0.072125, 0.064345, 0.058545, 0.049255]",7,gray,/Users/oliviakasmin/Desktop/okasmin-parsons-thesis-2026/process_data/generated/real_images/4895_no_bg.png,True,359835
5397,True,eligible,https://images.metmuseum.org/CRDImages/ad/original/DP266310.jpg,0.38353600,#c2beb3,"[""#c2beb3"", ""#fefefd"", ""#bab6ac"", ""#cac6bb"", ""#cdcbc3"", ""#bdbab2"", ""#e5e2db"", ""#c5c1b5""]","[0.030535, 0.029755, 0.0267, 0.02616, 0.025515, 0.024965, 0.022495, 0.02234]",9,white,/Users/oliviakasmin/Desktop/okasmin-parsons-thesis-2026/process_data/generated/real_images/5397_no_bg.png,True,297448
5667,True,eligible,https://images.metmuseum.org/CRDImages/ad/original/DP256288.jpg,0.20196000,#1c1a1c,"[""#1c1a1c"", ""#231b1b"", ""#242224"", ""#1c1c22"", ""#fefefe"", ""#2b1c1b"", ""#2b2324"", ""#1c1414""]","[0.051585, 0.04365, 0.028955, 0.02701, 0.02369, 0.021315, 0.018905, 0.01868]",5,orange,/Users/oliviakasmin/Desktop/okasmin-parsons-thesis-2026/process_data/generated/real_images/5667_no_bg.png,True,400219
5698,True,eligible,https://images.metmuseum.org/CRDImages/ad/original/ES4174.jpg,0.01278800,#fefefd,"[""#fefefd"", ""#837473"", ""#7b6c6b"", ""#938483"", ""#8b7c7c"", ""#9b8c8b"", ""#84837b"", ""#736463""]","[0.02234, 0.0158, 0.015005, 0.01454, 0.01342, 0.013045, 0.012975, 0.01262]",8,orange,/Users/oliviakasmin/Desktop/okasmin-parsons-thesis-2026/process_data/generated/real_images/5698_no_bg.png,True,362669
5713,False,bw_original,https://images.metmuseum.org/CRDImages/es/original/135335.jpg,1.00000000,,[],[],,,/Users/oliviakasmin/Desktop/okasmin-parsons-thesis-2026/process_data/generated/real_images/5713_no_bg.png,False,
5726,True,eligible,https://images.metmuseum.org/CRDImages/ad/original/DP265259.jpg,0.41051200,#d5cbca,"[""#d5cbca"", ""#cabdbb"", ""#ddd3d2"", ""#d2c6c3"", ""#ab9c94"", ""#e5dbda"", ""#6b5c54"", ""#fdfdfd""]","[0.028245, 0.027925, 0.027365, 0.02709, 0.026325, 0.026115, 0.02587, 0.025745]",0,red,/Users/oliviakasmin/Desktop/okasmin-parsons-thesis-2026/process_data/generated/real_images/5726_no_bg.png,True,332182
5732,True,eligible,https://images.metmuseum.org/CRDImages/ad/original/DP266313.jpg,0.25859200,#fdfdfc,"[""#fdfdfc"", ""#edecea"", ""#dddcda"", ""#e5e4e2"", ""#f5f4f3"", ""#d5d4d2"", ""#dad6d3"", ""#dcd9d6""]","[0.046375, 0.029175, 0.029165, 0.029165, 0.026275, 0.022075, 0.02036, 0.019775]",9,white,/Users/oliviakasmin/Desktop/okasmin-parsons-thesis-2026/process_data/generated/real_images/5732_no_bg.png,True,293840
5737,False,bw_original,https://images.metmuseum.org/CRDImages/ad/original/140884.jpg,1.00000000,,[],[],,,/Users/oliviakasmin/Desktop/okasmin-parsons-thesis-2026/process_data/generated/real_images/5737_no_bg.png,False,
5762,True,eligible,https://images.metmuseum.org/CRDImages/ad/original/DT6596.jpg,0.70004400,#cccacb,"[""#cccacb"", ""#c5c2c3"", ""#d4d2d4"", ""#b1aeab"", ""#c1bdbc"", ""#bdbbba"", ""#bab5b3"", ""#c9c5c5""]","[0.072825, 0.07207, 0.05247, 0.05002, 0.043325, 0.043045, 0.042335, 0.0372]",0,red,/Users/oliviakasmin/Desktop/okasmin-parsons-thesis-2026/process_data/generated/real_images/5762_no_bg.png,True,233468
5769,True,eligible,https://images.metmuseum.org/CRDImages/ad/original/DP207896.jpg,0.82322800,#bcbdba,"[""#bcbdba"", ""#b4b5b2"", ""#c4c5c2"", ""#cccdca"", ""#acadaa"", ""#646463"", ""#9c9d9b"", ""#a4a5a3""]","[0.049375, 0.040985, 0.040775, 0.035165, 0.034715, 0.03445, 0.031685, 0.03108]",7,gray,/Users/oliviakasmin/Desktop/okasmin-parsons-thesis-2026/process_data/generated/real_images/5769_no_bg.png,True,401392
5783,True,eligible,https://images.metmuseum.org/CRDImages/ad/original/DP219515.jpg,0.63607200,#c4c4c3,"[""#c4c4c3"", ""#cccccb"", ""#bdbcbb"", ""#b4b4b3"", ""#cacac5"", ""#c2c2bd"", ""#fdfdfd"", ""#acacab""]","[0.05307, 0.036565, 0.02961, 0.02308, 0.02001, 0.02, 0.019255, 0.01763]",9,white,/Users/oliviakasmin/Desktop/okasmin-parsons-thesis-2026/process_data/generated/real_images/5783_no_bg.png,True,371819
5848,True,eligible,https://images.metmuseum.org/CRDImages/ad/original/DP264244.jpg,0.40534400,#d5d5d2,"[""#d5d5d2"", ""#cacac5"", ""#c2c3bd"", ""#cdcdca"", ""#d1d2cd"", ""#c5c6c2"", ""#b2b3ad"", ""#babbb5""]","[0.06865, 0.066165, 0.0655, 0.06471, 0.061015, 0.05894, 0.05556, 0.055005]",7,gray,/Users/oliviakasmin/Desktop/okasmin-parsons-thesis-2026/process_data/generated/real_images/5848_no_bg.png,True,306776
5850,True,eligible,https://images.metmuseum.org/CRDImages/ad/original/DP264248.jpg,0.31450800,#d4d5d2,"[""#d4d5d2"", ""#d2d2cd"", ""#cacbc5"", ""#c3c3bd"", ""#cdcdca"", ""#dcddda"", ""#fdfcfc"", ""#c4c5c2""]","[0.047045, 0.046605, 0.046345, 0.04553, 0.03974, 0.037175, 0.034915, 0.034275]",7,gray,/Users/oliviakasmin/Desktop/okasmin-parsons-thesis-2026/process_data/generated/real_images/5850_no_bg.png,True,275271
5853,True,eligible,https://images.metmuseum.org/CRDImages/ad/original/DP207856.jpg,0.69470800,#fdfdfd,"[""#fdfdfd"", ""#e3e4e3"", ""#9c9b9b"", ""#b4b4b3"", ""#dbdcdb"", ""#ebeceb"", ""#c3c4c3"", ""#d3d4d3""]","[0.016605, 0.009405, 0.008665, 0.00736, 0.006745, 0.00641, 0.006215, 0.006205]",7,gray,/Users/oliviakasmin/Desktop/okasmin-parsons-thesis-2026/process_data/generated/real_images/5853_no_bg.png,True,406362
5860,True,eligible,https://images.metmuseum.org/CRDImages/ad/original/ADA3840.jpg,0.03643600,#e4e3e4,"[""#e4e3e4"", ""#ecebec"", ""#dcdbdc"", ""#f4f3f3"", ""#fdfcfc"", ""#d4d3d4"", ""#cccbcc"", ""#c4c3c4""]","[0.067255, 0.06624, 0.05883, 0.055745, 0.043405, 0.04328, 0.0342, 0.025645]",0,red,/Users/oliviakasmin/Desktop/okasmin-parsons-thesis-2026/process_data/generated/real_images/5860_no_bg.png,True,351483
7740,True,eligible,https://images.metmuseum.org/CRDImages/ad/original/DP266324.jpg,0.01640800,#cbc4bb,"[""#cbc4bb"", ""#c4bcb3"", ""#d3ccc4"", ""#bcb4ab"", ""#dad4cc"", ""#c3baad"", ""#bcb2a4"", ""#cac1b5""]","[0.047085, 0.037955, 0.037305, 0.02418, 0.02393, 0.022945, 0.02034, 0.020205]",9,white,/Users/oliviakasmin/Desktop/okasmin-parsons-thesis-2026/process_data/generated/real_images/7740_no_bg.png,True,230000
7742,False,bw_original,https://images.metmuseum.org/CRDImages/ad/original/140904.jpg,1.00000000,,[],[],,,/Users/oliviakasmin/Desktop/okasmin-parsons-thesis-2026/process_data/generated/real_images/7742_no_bg.png,False,
8048,True,eligible,https://images.metmuseum.org/CRDImages/ad/original/DP265353.jpg,0.39985200,#bbab9c,"[""#bbab9c"", ""#b3a394"", ""#c3b2a4"", ""#ab9b8c"", ""#a39384"", ""#cbbaac"", ""#9b8a7d"", ""#938275""]","[0.04619, 0.045845, 0.04173, 0.038895, 0.034715, 0.030925, 0.023765, 0.02336]",6,orange,/Users/oliviakasmin/Desktop/okasmin-parsons-thesis-2026/process_data/generated/real_images/8048_no_bg.png,True,235311
8681,True,eligible,https://images.metmuseum.org/CRDImages/ad/original/DT2096.jpg,0.12044000,#b5b2ad,"[""#b5b2ad"", ""#b2adaa"", ""#bcb9b5"", ""#c5c4c2"", ""#ada9a5"", ""#bab6b2"", ""#9b948c"", ""#aba6a1""]","[0.035325, 0.032075, 0.0302, 0.028535, 0.028375, 0.027645, 0.027115, 0.0248]",9,white,/Users/oliviakasmin/Desktop/okasmin-parsons-thesis-2026/process_data/generated/real_images/8681_no_bg.png,True,303062
9179,False,bw_original,https://images.metmuseum.org/CRDImages/es/original/190416.jpg,1.00000000,,[],[],,,/Users/oliviakasmin/Desktop/okasmin-parsons-thesis-2026/process_data/generated/real_images/9179_no_bg.png,False,
9180,False,bw_original,https://images.metmuseum.org/CRDImages/es/original/190417.jpg,1.00000000,,[],[],,,/Users/oliviakasmin/Desktop/okasmin-parsons-thesis-2026/process_data/generated/real_images/9180_no_bg.png,False,
9199,True,eligible,https://images.metmuseum.org/CRDImages/ad/original/DP248964.jpg,0.55295600,#fefefe,"[""#fefefe"", ""#847c63"", ""#7c745b"", ""#736c54"", ""#8b836b"", ""#847a5c"", ""#8c8264"", ""#6b634c""]","[0.021345, 0.013995, 0.01043, 0.01021, 0.00981, 0.009585, 0.008905, 0.00795]",8,orange,/Users/oliviakasmin/Desktop/okasmin-parsons-thesis-2026/process_data/generated/real_images/9199_no_bg.png,True,402917
9202,True,eligible,https://images.metmuseum.org/CRDImages/ad/original/DP265271.jpg,0.46781200,#e4dcdb,"[""#e4dcdb"", ""#ebe4e3"", ""#847a74"", ""#dcd4d3"", ""#c5bcba"", ""#ccc3c2"", ""#bdb4b2"", ""#d4cccb""]","[0.031365, 0.031305, 0.030975, 0.02723, 0.02649, 0.023665, 0.02268, 0.02225]",0,red,/Users/oliviakasmin/Desktop/okasmin-parsons-thesis-2026/process_data/generated/real_images/9202_no_bg.png,True,203401
9214,True,eligible,https://images.metmuseum.org/CRDImages/ad/original/DP259091.jpg,0.12631200,#140d0a,"[""#140d0a"", ""#1d1411"", ""#1a110e"", ""#0c0a05"", ""#1a0e0c"", ""#15110c"", ""#221513"", ""#0a0603""]","[0.104305, 0.086845, 0.072095, 0.069465, 0.04734, 0.04112, 0.03759, 0.034045]",5,orange,/Users/oliviakasmin/Desktop/okasmin-parsons-thesis-2026/process_data/generated/real_images/9214_no_bg.png,True,320492
9242,False,bw_original,https://images.metmuseum.org/CRDImages/ad/original/140766.jpg,1.00000000,,[],[],,,/Users/oliviakasmin/Desktop/okasmin-parsons-thesis-2026/process_data/generated/real_images/9242_no_bg.png,False,
9246,True,eligible,https://images.metmuseum.org/CRDImages/ad/original/DP266319.jpg,0.02813600,#ccbcac,"[""#ccbcac"", ""#d3c4b3"", ""#c4b4a3"", ""#dbccbc"", ""#e2d4c4"", ""#bcac9b"", ""#fefdfd"", ""#b4a493""]","[0.0344, 0.03366, 0.030935, 0.029705, 0.027175, 0.026985, 0.025745, 0.020195]",9,white,/Users/oliviakasmin/Desktop/okasmin-parsons-thesis-2026/process_data/generated/real_images/9246_no_bg.png,True,237944
9248,True,eligible,https://images.metmuseum.org/CRDImages/ad/original/DP265256.jpg,0.31577600,#5d544c,"[""#5d544c"", ""#635a54"", ""#6c635c"", ""#746a63"", ""#8c827c"", ""#837b73"", ""#7c726b"", ""#544b43""]","[0.029745, 0.02894, 0.02243, 0.02102, 0.020635, 0.01792, 0.01688, 0.0166]",5,orange,/Users/oliviakasmin/Desktop/okasmin-parsons-thesis-2026/process_data/generated/real_images/9248_no_bg.png,True,226890
9257,True,eligible,https://images.metmuseum.org/CRDImages/ad/original/DP265254.jpg,0.33496400,#9b8c83,"[""#9b8c83"", ""#73655c"", ""#fdfdfd"", ""#b3a49c"", ""#ab9c94"", ""#a3958c"", ""#c4bab4"", ""#93847c""]","[0.01699, 0.016785, 0.01659, 0.01617, 0.01536, 0.014465, 0.01429, 0.014045]",6,orange,/Users/oliviakasmin/Desktop/okasmin-parsons-thesis-2026/process_data/generated/real_images/9257_no_bg.png,True,218847
9284,False,bw_original,https://images.metmuseum.org/CRDImages/ad/original/140930.jpg,1.00000000,,[],[],,,/Users/oliviakasmin/Desktop/okasmin-parsons-thesis-2026/process_data/generated/real_images/9284_no_bg.png,False,
9286,True,eligible,https://images.metmuseum.org/CRDImages/ad/original/DP262010.jpg,0.02174000,#cbe5db,"[""#cbe5db"", ""#fdfefd"", ""#acc4bb"", ""#a3bcb4"", ""#a4c2bb"", ""#5c6b64"", ""#839b94"", ""#b3ccc3""]","[0.014975, 0.014175, 0.012495, 0.011235, 0.011, 0.01099, 0.010505, 0.00994]",1,gray,/Users/oliviakasmin/Desktop/okasmin-parsons-thesis-2026/process_data/generated/real_images/9286_no_bg.png,True,214207
9336,True,eligible,https://images.metmuseum.org/CRDImages/ad/original/DP358620.jpg,0.62976000,#444b34,"[""#444b34"", ""#3c432c"", ""#4c533b"", ""#343b24"", ""#353b2b"", ""#2d3323"", ""#545b43"", ""#3d4432""]","[0.0908, 0.08493, 0.05894, 0.05542, 0.04345, 0.03235, 0.03123, 0.028295]",3,yellow,/Users/oliviakasmin/Desktop/okasmin-parsons-thesis-2026/process_data/generated/real_images/9336_no_bg.png,True,232594
9353,True,eligible,https://images.metmuseum.org/CRDImages/ad/original/ADA6046.jpg,0.00017600,#fefdfd,"[""#fefdfd"", ""#ab834c"", ""#a37b44"", ""#edeceb"", ""#9c7542"", ""#b38b53"", ""#a47c4a"", ""#9b733d""]","[0.0278, 0.02362, 0.02017, 0.015705, 0.013705, 0.012565, 0.01253, 0.0122]",8,orange,/Users/oliviakasmin/Desktop/okasmin-parsons-thesis-2026/process_data/generated/real_images/9353_no_bg.png,True,312292
9367,True,eligible,https://images.metmuseum.org/CRDImages/ma/original/DP252074.jpg,0.74248000,#fefefe,"[""#fefefe"", ""#240b0a"", ""#230504"", ""#2b130c"", ""#1c1412"", ""#33140c"", ""#231513"", ""#231c1a""]","[0.016755, 0.015055, 0.0126, 0.011875, 0.01096, 0.01016, 0.00978, 0.009145]",0,red,/Users/oliviakasmin/Desktop/okasmin-parsons-thesis-2026/process_data/generated/real_images/9367_no_bg.png,True,396326
9386,True,eligible,https://images.metmuseum.org/CRDImages/ad/original/DP146221.jpg,0.60157200,#9d9c9a,"[""#9d9c9a"", ""#bcbab5"", ""#cccac4"", ""#c4c2bc"", ""#d4d2cc"", ""#8d8d8b"", ""#b6b5b2"", ""#959492""]","[0.034965, 0.034195, 0.033675, 0.03306, 0.031695, 0.02955, 0.02931, 0.029025]",6,orange,/Users/oliviakasmin/Desktop/okasmin-parsons-thesis-2026/process_data/generated/real_images/9386_no_bg.png,True,217896
9506,True,eligible,https://images.metmuseum.org/CRDImages/ad/original/DP-20320-005.jpg,0.02223600,#c3bdaa,"[""#c3bdaa"", ""#e2ddcb"", ""#bbb5a2"", ""#cbc5b2"", ""#dbd5c3"", ""#d3cdbb"", ""#c2bba5"", ""#fefefe""]","[0.042585, 0.03686, 0.036135, 0.036025, 0.03247, 0.029125, 0.027615, 0.025725]",9,white,/Users/oliviakasmin/Desktop/okasmin-parsons-thesis-2026/process_data/generated/real_images/9506_no_bg.png,True,219950
9579,False,bw_original,https://images.metmuseum.org/CRDImages/ad/original/140765.jpg,1.00000000,,[],[],,,/Users/oliviakasmin/Desktop/okasmin-parsons-thesis-2026/process_data/generated/real_images/9579_no_bg.png,False,
9582,True,eligible,https://images.metmuseum.org/CRDImages/ad/original/DP262505.jpg,0.81167200,#8b8c8b,"[""#8b8c8b"", ""#838383"", ""#939393"", ""#9b9b9b"", ""#7c7c7c"", ""#747473"", ""#6c6c6c"", ""#646463""]","[0.06640858, 0.06557207, 0.0629523, 0.04345317, 0.04164397, 0.03759759, 0.03531502, 0.03146967]",6,orange,/Users/oliviakasmin/Desktop/okasmin-parsons-thesis-2026/process_data/generated/real_images/9582_no_bg.png,True,154212
9584,True,eligible,https://images.metmuseum.org/CRDImages/ad/original/DP262503.jpg,0.57565600,#9b9b9b,"[""#9b9b9b"", ""#949494"", ""#8c8c8b"", ""#838383"", ""#7c7c7b"", ""#747473"", ""#a3a4a3"", ""#6c6c6c""]","[0.07230702, 0.06766703, 0.06527092, 0.05050371, 0.03899972, 0.03644475, 0.03475688, 0.03336687]",6,orange,/Users/oliviakasmin/Desktop/okasmin-parsons-thesis-2026/process_data/generated/real_images/9584_no_bg.png,True,151078
9752,False,bw_original,https://images.metmuseum.org/CRDImages/ad/original/136399.jpg,1.00000000,,[],[],,,/Users/oliviakasmin/Desktop/okasmin-parsons-thesis-2026/process_data/generated/real_images/9752_no_bg.png,False,
13455,True,eligible,https://images.metmuseum.org/CRDImages/ad/original/DP208426.jpg,0.63470800,#fdfdfd,"[""#fdfdfd"", ""#a4a294"", ""#cbcac4"", ""#a4a49b"", ""#c4c3bb"", ""#bcbcb3"", ""#9d9b8c"", ""#b4b4ab""]","[0.03159998, 0.02145982, 0.01874585, 0.01781256, 0.01703387, 0.0168392, 0.01464627, 0.01461764]",9,white,/Users/oliviakasmin/Desktop/okasmin-parsons-thesis-2026/process_data/generated/real_images/13455_no_bg.png,True,174652
14371,True,eligible,https://images.metmuseum.org/CRDImages/ad/original/ADA6043.jpg,0.01463600,#e2dddc,"[""#e2dddc"", ""#e5e3e3"", ""#dedada"", ""#fdfdfd"", ""#dad5d4"", ""#ebebeb"", ""#d3cdcb"", ""#e4e1de""]","[0.049075, 0.035955, 0.02609, 0.024185, 0.022775, 0.01903, 0.01515, 0.0139]",0,red,/Users/oliviakasmin/Desktop/okasmin-parsons-thesis-2026/process_data/generated/real_images/14371_no_bg.png,True,217059
14828,True,eligible,https://images.metmuseum.org/CRDImages/ad/original/DT3673.jpg,0.00240400,#fdfdfd,"[""#fdfdfd"", ""#442c3b"", ""#432b34"", ""#4c3343"", ""#3c2b34"", ""#4b2c3c"", ""#44333c"", ""#443343""]","[0.01382, 0.005125, 0.003645, 0.003245, 0.00317, 0.003125, 0.003125, 0.003045]",0,red,/Users/oliviakasmin/Desktop/okasmin-parsons-thesis-2026/process_data/generated/real_images/14828_no_bg.png,True,252800
15595,True,eligible,https://images.metmuseum.org/CRDImages/ad/original/DP229746.jpg,0.57592400,#336c93,"[""#336c93"", ""#2b658b"", ""#1c5373"", ""#245b7c"", ""#144c6b"", ""#14435c"", ""#fdfefe"", ""#0b344b""]","[0.026865, 0.024595, 0.02289, 0.020455, 0.020315, 0.01806, 0.017875, 0.017465]",4,blue,/Users/oliviakasmin/Desktop/okasmin-parsons-thesis-2026/process_data/generated/real_images/15595_no_bg.png,True,245108
16298,True,eligible,https://images.metmuseum.org/CRDImages/ad/original/DP219512.jpg,0.73894400,#bcbcbb,"[""#bcbcbb"", ""#c4c4c3"", ""#cccccb"", ""#b4b4b3"", ""#d3d3d3"", ""#acacac"", ""#848382"", ""#7d7c7b""]","[0.074725, 0.072665, 0.0715, 0.057925, 0.049625, 0.044105, 0.038025, 0.034965]",9,white,/Users/oliviakasmin/Desktop/okasmin-parsons-thesis-2026/process_data/generated/real_images/16298_no_bg.png,True,307353
16544,True,eligible,https://images.metmuseum.org/CRDImages/ad/original/DT4341.jpg,0.07980000,#3b3d33,"[""#3b3d33"", ""#33352b"", ""#343b33"", ""#3b3a2d"", ""#3c433b"", ""#434235"", ""#43453b"", ""#2d342c""]","[0.0693311, 0.06186626, 0.05254745, 0.04253815, 0.04167913, 0.03352381, 0.03218633, 0.03105546]",3,yellow,/Users/oliviakasmin/Desktop/okasmin-parsons-thesis-2026/process_data/generated/real_images/16544_no_bg.png,True,183929
17732,True,eligible,https://images.metmuseum.org/CRDImages/ad/original/DP212930.jpg,0.55818000,#cbc4b4,"[""#cbc4b4"", ""#fefdfd"", ""#c3bcac"", ""#b4ad9b"", ""#bab29c"", ""#bbb4a3"", ""#d3ccbc"", ""#b3ab94""]","[0.032365, 0.02749, 0.0251, 0.022535, 0.019975, 0.01968, 0.019095, 0.018045]",9,white,/Users/oliviakasmin/Desktop/okasmin-parsons-thesis-2026/process_data/generated/real_images/17732_no_bg.png,True,213741
18861,True,eligible,https://images.metmuseum.org/CRDImages/ad/original/DP207891.jpg,0.91105200,#cccccc,"[""#cccccc"", ""#c4c4c3"", ""#b4b4b4"", ""#bcbcbc"", ""#acabab"", ""#a4a4a3"", ""#9c9c9b"", ""#fdfdfd""]","[0.099055, 0.06675, 0.04772, 0.046625, 0.036045, 0.033545, 0.032345, 0.026635]",9,white,/Users/oliviakasmin/Desktop/okasmin-parsons-thesis-2026/process_data/generated/real_images/18861_no_bg.png,True,303059
19001,True,eligible,https://images.metmuseum.org/CRDImages/ad/original/DP124704.jpg,0.70251600,#f5f2eb,"[""#f5f2eb"", ""#edeae4"", ""#e5e2dc"", ""#f1ede5"", ""#f2eee9"", ""#fefefc"", ""#eae6e1"", ""#eae5dd""]","[0.07193, 0.0699, 0.041985, 0.03381, 0.03098, 0.02898, 0.023505, 0.02157]",9,white,/Users/oliviakasmin/Desktop/okasmin-parsons-thesis-2026/process_data/generated/real_images/19001_no_bg.png,True,310353
19071,True,eligible,https://images.metmuseum.org/CRDImages/ad/original/DP134996.jpg,0.68004400,#d4c4b4,"[""#d4c4b4"", ""#fdfdfd"", ""#ccbcab"", ""#f4eadc"", ""#d4c3ac"", ""#ccbba4"", ""#ebddcb"", ""#e3d3bc""]","[0.02275, 0.02067, 0.01836, 0.01271, 0.012545, 0.012515, 0.011265, 0.01089]",9,white,/Users/oliviakasmin/Desktop/okasmin-parsons-thesis-2026/process_data/generated/real_images/19071_no_bg.png,True,213367
19827,True,eligible,https://images.metmuseum.org/CRDImages/ad/original/022-mark.jpg,0.12676800,#b4b4b2,"[""#b4b4b2"", ""#b3b2ad"", ""#abaaa5"", ""#adacab"", ""#bbbab5"", ""#a4a29c"", ""#9c9b94"", ""#bcbcba""]","[0.04817, 0.0449, 0.041785, 0.041625, 0.040415, 0.038225, 0.03811, 0.03603]",9,white,/Users/oliviakasmin/Desktop/okasmin-parsons-thesis-2026/process_data/generated/real_images/19827_no_bg.png,True,350895
20076,True,eligible,https://images.metmuseum.org/CRDImages/ad/original/L.2009.22.199.jpg,0.07359200,#fefefe,"[""#fefefe"", ""#8b3c3b"", ""#340204"", ""#9b4443"", ""#833433"", ""#843c3b"", ""#a44c4b"", ""#934443""]","[0.02328984, 0.00615688, 0.0061091, 0.00580454, 0.00539847, 0.00509391, 0.00496253, 0.00483712]",0,red,/Users/oliviakasmin/Desktop/okasmin-parsons-thesis-2026/process_data/generated/real_images/20076_no_bg.png,True,167455
20637,True,eligible,https://images.metmuseum.org/CRDImages/ad/original/DP253080.jpg,0.00804000,#c4bdb3,"[""#c4bdb3"", ""#caccbc"", ""#c4c4b4"", ""#bcbbac"", ""#fdfdfd"", ""#cac4bb"", ""#cccdc2"", ""#c2bbae""]","[0.084775, 0.054615, 0.04211, 0.03347, 0.03069, 0.02716, 0.023575, 0.017175]",9,white,/Users/oliviakasmin/Desktop/okasmin-parsons-thesis-2026/process_data/generated/real_images/20637_no_bg.png,True,367490
20730,True,eligible,https://images.metmuseum.org/CRDImages/ad/original/DP253330.jpg,0.75793600,#b5b5b2,"[""#b5b5b2"", ""#d5d5d2"", ""#adadab"", ""#bcbdba"", ""#dcdcda"", ""#cdcdca"", ""#c5c5c2"", ""#b9bab6""]","[0.053075, 0.050095, 0.043435, 0.04324, 0.042525, 0.041945, 0.040105, 0.032675]",7,gray,/Users/oliviakasmin/Desktop/okasmin-parsons-thesis-2026/process_data/generated/real_images/20730_no_bg.png,True,200308
36446,True,eligible,https://images.metmuseum.org/CRDImages/as/original/1992_297_2.jpg,0.00720400,#23231c,"[""#23231c"", ""#1c1c1a"", ""#1b1b15"", ""#141413"", ""#2b2b24"", ""#fefefe"", ""#242422"", ""#0c0c0b""]","[0.042985, 0.033355, 0.03262, 0.02412, 0.02364, 0.01952, 0.018485, 0.015185]",3,yellow,/Users/oliviakasmin/Desktop/okasmin-parsons-thesis-2026/process_data/generated/real_images/36446_no_bg.png,True,286139
36452,True,eligible,https://images.metmuseum.org/CRDImages/as/original/DT3702.jpg,0.73572000,#948a7c,"[""#948a7c"", ""#8b8274"", ""#8c857b"", ""#948c82"", ""#9c9283"", ""#847c6c"", ""#9b8d7b"", ""#847d73""]","[0.029155, 0.02911, 0.027105, 0.01991, 0.01866, 0.0168, 0.01405, 0.01367]",6,orange,/Users/oliviakasmin/Desktop/okasmin-parsons-thesis-2026/process_data/generated/real_images/36452_no_bg.png,True,251781
36454,True,eligible,https://images.metmuseum.org/CRDImages/as/original/1994_286.JPG,0.67114400,#838383,"[""#838383"", ""#8b8b8b"", ""#7c7c7c"", ""#939393"", ""#747474"", ""#9c9b9b"", ""#6c6c6c"", ""#a4a2a3""]","[0.09059, 0.071595, 0.069085, 0.059225, 0.051295, 0.044815, 0.04187, 0.033765]",6,orange,/Users/oliviakasmin/Desktop/okasmin-parsons-thesis-2026/process_data/generated/real_images/36454_no_bg.png,True,408012
37398,False,bw_original,https://images.metmuseum.org/CRDImages/as/original/1991_423_1.JPG,1.00000000,,[],[],,,/Users/oliviakasmin/Desktop/okasmin-parsons-thesis-2026/process_data/generated/real_images/37398_no_bg.png,False,
37404,True,eligible,https://images.metmuseum.org/CRDImages/as/original/DP102593.jpg,0.51557600,#82827c,"[""#82827c"", ""#8b8b84"", ""#7b7b74"", ""#73736c"", ""#6b6b64"", ""#848582"", ""#93938c"", ""#63635c""]","[0.03106, 0.02848, 0.02843, 0.02791, 0.026475, 0.025835, 0.02504, 0.023305]",7,gray,/Users/oliviakasmin/Desktop/okasmin-parsons-thesis-2026/process_data/generated/real_images/37404_no_bg.png,True,236612
37407,True,eligible,https://images.metmuseum.org/CRDImages/as/original/h1_1987.424.4.2.jpg,0.37590400,#fdfdfd,"[""#fdfdfd"", ""#7c5c4b"", ""#7a5543"", ""#755343"", ""#826453"", ""#7c5946"", ""#ac9b83"", ""#846c5b""]","[0.016095, 0.01365, 0.01152, 0.01032, 0.00988, 0.007655, 0.00754, 0.007155]",8,orange,/Users/oliviakasmin/Desktop/okasmin-parsons-thesis-2026/process_data/generated/real_images/37407_no_bg.png,True,210478
37425,True,eligible,https://images.metmuseum.org/CRDImages/as/original/1988_224_1_O1.jpg,0.00079200,#947b4c,"[""#947b4c"", ""#9c8254"", ""#6b2c14"", ""#fdfefd"", ""#8c7344"", ""#642b13"", ""#9b7d53"", ""#93754b""]","[0.01665, 0.01519, 0.01501, 0.013505, 0.012335, 0.01231, 0.012, 0.011735]",6,orange,/Users/oliviakasmin/Desktop/okasmin-parsons-thesis-2026/process_data/generated/real_images/37425_no_bg.png,True,397827
37431,False,bw_original,https://images.metmuseum.org/CRDImages/as/original/1986_506_1_264829.jpg,1.00000000,,[],[],,,/Users/oliviakasmin/Desktop/okasmin-parsons-thesis-2026/process_data/generated/real_images/37431_no_bg.png,False,
37432,False,bw_original,https://images.metmuseum.org/CRDImages/as/original/1986_506_5.JPG,1.00000000,,[],[],,,/Users/oliviakasmin/Desktop/okasmin-parsons-thesis-2026/process_data/generated/real_images/37432_no_bg.png,False,
37433,False,bw_original,https://images.metmuseum.org/CRDImages/as/original/1986_506_6.JPG,1.00000000,,[],[],,,/Users/oliviakasmin/Desktop/okasmin-parsons-thesis-2026/process_data/generated/real_images/37433_no_bg.png,False,
37434,False,bw_original,https://images.metmuseum.org/CRDImages/as/original/264795_botl.jpg,1.00000000,,[],[],,,/Users/oliviakasmin/Desktop/okasmin-parsons-thesis-2026/process_data/generated/real_images/37434_no_bg.png,False,
37435,False,bw_original,https://images.metmuseum.org/CRDImages/as/original/1986_506_2.JPG,1.00000000,,[],[],,,/Users/oliviakasmin/Desktop/okasmin-parsons-thesis-2026/process_data/generated/real_images/37435_no_bg.png,False,
37436,False,bw_original,https://images.metmuseum.org/CRDImages/as/original/1986_506_3ab_O1.jpg,1.00000000,,[],[],,,/Users/oliviakasmin/Desktop/okasmin-parsons-thesis-2026/process_data/generated/real_images/37436_no_bg.png,False,
37438,False,bw_original,https://images.metmuseum.org/CRDImages/as/original/1984_498_2_237966.jpg,1.00000000,,[],[],,,/Users/oliviakasmin/Desktop/okasmin-parsons-thesis-2026/process_data/generated/real_images/37438_no_bg.png,False,
37439,True,eligible,https://images.metmuseum.org/CRDImages/as/original/1986_506_10ab.jpg,0.01100400,#1b1d2b,"[""#1b1d2b"", ""#141a24"", ""#13141c"", ""#232433"", ""#0c131c"", ""#1c2333"", ""#1c222d"", ""#1a1b24""]","[0.02829, 0.025565, 0.02462, 0.023085, 0.02301, 0.02264, 0.02114, 0.020135]",4,blue,/Users/oliviakasmin/Desktop/okasmin-parsons-thesis-2026/process_data/generated/real_images/37439_no_bg.png,True,306617
37442,False,bw_original,https://images.metmuseum.org/CRDImages/as/original/1986_506_4ab_O1.jpg,1.00000000,,[],[],,,/Users/oliviakasmin/Desktop/okasmin-parsons-thesis-2026/process_data/generated/real_images/37442_no_bg.png,False,
37443,False,bw_original,https://images.metmuseum.org/CRDImages/as/original/1989_354_O1.jpg,1.00000000,,[],[],,,/Users/oliviakasmin/Desktop/okasmin-parsons-thesis-2026/process_data/generated/real_images/37443_no_bg.png,False,
37449,True,eligible,https://images.metmuseum.org/CRDImages/as/original/1986_299ab.jpg,0.00011200,#9c835c,"[""#9c835c"", ""#a48a64"", ""#836a44"", ""#947b53"", ""#8b734c"", ""#836c4b"", ""#7c6444"", ""#ac926c""]","[0.02506, 0.02494, 0.02028, 0.018255, 0.01756, 0.01713, 0.016455, 0.015385]",6,orange,/Users/oliviakasmin/Desktop/okasmin-parsons-thesis-2026/process_data/generated/real_images/37449_no_bg.png,True,324093
37450,True,eligible,https://images.metmuseum.org/CRDImages/as/original/DP-14609-017.jpg,0.79404400,#fdfdfd,"[""#fdfdfd"", ""#53544c"", ""#f4f4f3"", ""#83847c"", ""#a3a49b"", ""#ececeb"", ""#8b8c83"", ""#5b5b54""]","[0.02074164, 0.0086295, 0.00789056, 0.00781988, 0.00721588, 0.00718375, 0.00708094, 0.00673396]",8,orange,/Users/oliviakasmin/Desktop/okasmin-parsons-thesis-2026/process_data/generated/real_images/37450_no_bg.png,True,155629
37454,False,bw_original,https://images.metmuseum.org/CRDImages/as/original/1987_420_1ab_250993.jpg,1.00000000,,[],[],,,/Users/oliviakasmin/Desktop/okasmin-parsons-thesis-2026/process_data/generated/real_images/37454_no_bg.png,False,
37455,False,bw_original,https://images.metmuseum.org/CRDImages/as/original/1987_420_2_250994.jpg,1.00000000,,[],[],,,/Users/oliviakasmin/Desktop/okasmin-parsons-thesis-2026/process_data/generated/real_images/37455_no_bg.png,False,
37457,False,bw_original,https://images.metmuseum.org/CRDImages/as/original/1986_505_1_243160.jpg,1.00000000,,[],[],,,/Users/oliviakasmin/Desktop/okasmin-parsons-thesis-2026/process_data/generated/real_images/37457_no_bg.png,False,
37458,False,bw_original,https://images.metmuseum.org/CRDImages/as/original/1987_420_3.JPG,1.00000000,,[],[],,,/Users/oliviakasmin/Desktop/okasmin-parsons-thesis-2026/process_data/generated/real_images/37458_no_bg.png,False,
37475,True,eligible,https://images.metmuseum.org/CRDImages/as/original/1989_238_17ab.jpg,0.00022400,#ab9c83,"[""#ab9c83"", ""#a3947b"", ""#9c8c73"", ""#94846b"", ""#b4a48b"", ""#bcac93"", ""#c3b49b"", ""#ccbca3""]","[0.01724, 0.0162, 0.014985, 0.01443, 0.01432, 0.014305, 0.0138, 0.012435]",6,orange,/Users/oliviakasmin/Desktop/okasmin-parsons-thesis-2026/process_data/generated/real_images/37475_no_bg.png,True,331787
37476,True,eligible,https://images.metmuseum.org/CRDImages/as/original/1989_238_18ab.jpg,0.00008000,#433324,"[""#433324"", ""#634c33"", ""#3b2d22"", ""#5b442c"", ""#54422c"", ""#4c3b2b"", ""#9c8363"", ""#c4ac8b""]","[0.01649, 0.011625, 0.011415, 0.01091, 0.010735, 0.01046, 0.010295, 0.010255]",5,orange,/Users/oliviakasmin/Desktop/okasmin-parsons-thesis-2026/process_data/generated/real_images/37476_no_bg.png,True,351040
37477,True,eligible,https://images.metmuseum.org/CRDImages/as/original/1989_238_19ab.jpg,0.00002000,#443323,"[""#443323"", ""#f4dbbb"", ""#3b2c1c"", ""#ecd4b3"", ""#735b3c"", ""#fefefd"", ""#4c3a24"", ""#5b442c""]","[0.016635, 0.01407, 0.01336, 0.01249, 0.010015, 0.009245, 0.008625, 0.008175]",5,orange,/Users/oliviakasmin/Desktop/okasmin-parsons-thesis-2026/process_data/generated/real_images/37477_no_bg.png,True,386090
37478,False,bw_original,https://images.metmuseum.org/CRDImages/as/original/1989_238_20.JPG,1.00000000,,[],[],,,/Users/oliviakasmin/Desktop/okasmin-parsons-thesis-2026/process_data/generated/real_images/37478_no_bg.png,False,
37479,True,eligible,https://images.metmuseum.org/CRDImages/as/original/1989_238_21_O1.jpg,0.00004400,#231413,"[""#231413"", ""#fefefd"", ""#130b0c"", ""#1b0d0c"", ""#331b13"", ""#2b1513"", ""#24130c"", ""#1c1213""]","[0.018765, 0.0184, 0.01719, 0.01459, 0.01297, 0.01218, 0.01173, 0.011525]",5,orange,/Users/oliviakasmin/Desktop/okasmin-parsons-thesis-2026/process_data/generated/real_images/37479_no_bg.png,True,388735
37482,True,eligible,https://images.metmuseum.org/CRDImages/as/original/1989_238_24ab.jpg,0.00025600,#433324,"[""#433324"", ""#e4cbab"", ""#4c3b2b"", ""#fefdfd"", ""#ecd3b3"", ""#bca383"", ""#dcc3a4"", ""#ccb394""]","[0.017645, 0.01479, 0.01378, 0.013595, 0.012285, 0.01185, 0.011515, 0.01096]",5,orange,/Users/oliviakasmin/Desktop/okasmin-parsons-thesis-2026/process_data/generated/real_images/37482_no_bg.png,True,386687
37496,False,bw_original,https://images.metmuseum.org/CRDImages/as/original/1989_238_38.JPG,1.00000000,,[],[],,,/Users/oliviakasmin/Desktop/okasmin-parsons-thesis-2026/process_data/generated/real_images/37496_no_bg.png,False,
37510,True,eligible,https://images.metmuseum.org/CRDImages/as/original/1989_238_52.jpg,0.00004400,#bcab8b,"[""#bcab8b"", ""#b4a383"", ""#cdbb9b"", ""#c4b393"", ""#ac9b7c"", ""#5b4425"", ""#d5c2a3"", ""#644b2b""]","[0.035625, 0.03555, 0.034645, 0.03217, 0.02873, 0.02503, 0.02383, 0.02146]",6,orange,/Users/oliviakasmin/Desktop/okasmin-parsons-thesis-2026/process_data/generated/real_images/37510_no_bg.png,True,326289
37524,False,bw_original,https://images.metmuseum.org/CRDImages/as/original/65_60_1ab_182117.jpg,1.00000000,,[],[],,,/Users/oliviakasmin/Desktop/okasmin-parsons-thesis-2026/process_data/generated/real_images/37524_no_bg.png,False,
37537,False,bw_original,https://images.metmuseum.org/CRDImages/as/original/1973_334_2.JPG,1.00000000,,[],[],,,/Users/oliviakasmin/Desktop/okasmin-parsons-thesis-2026/process_data/generated/real_images/37537_no_bg.png,False,
37540,True,eligible,https://images.metmuseum.org/CRDImages/as/original/1989_320ab.jpg,0.00115600,#3c3b1c,"[""#3c3b1c"", ""#4c4b24"", ""#43431d"", ""#5d5b2b"", ""#444423"", ""#64622c"", ""#333414"", ""#4a4523""]","[0.04214, 0.03533, 0.032175, 0.03078, 0.030645, 0.028955, 0.02243, 0.02139]",3,yellow,/Users/oliviakasmin/Desktop/okasmin-parsons-thesis-2026/process_data/generated/real_images/37540_no_bg.png,True,381722
37543,False,bw_original,https://images.metmuseum.org/CRDImages/as/original/1991_423_2.JPG,1.00000000,,[],[],,,/Users/oliviakasmin/Desktop/okasmin-parsons-thesis-2026/process_data/generated/real_images/37543_no_bg.png,False,
37555,True,eligible,https://images.metmuseum.org/CRDImages/as/original/1991_456_11a.jpg,0.01639600,#c4c3c3,"[""#c4c3c3"", ""#cccccb"", ""#848383"", ""#949393"", ""#a4a3a3"", ""#9c9b9b"", ""#cbcac5"", ""#acabab""]","[0.02526, 0.024665, 0.024575, 0.024275, 0.02301, 0.022345, 0.021895, 0.02153]",0,red,/Users/oliviakasmin/Desktop/okasmin-parsons-thesis-2026/process_data/generated/real_images/37555_no_bg.png,True,340565
37557,True,eligible,https://images.metmuseum.org/CRDImages/as/original/DT6789.jpg,0.58620000,#8d9393,"[""#8d9393"", ""#929594"", ""#848b8c"", ""#949a9b"", ""#ebf4fd"", ""#959995"", ""#8c918d"", ""#9a9d9b""]","[0.05023, 0.02714, 0.02532, 0.02289, 0.022835, 0.01764, 0.016775, 0.015715]",1,gray,/Users/oliviakasmin/Desktop/okasmin-parsons-thesis-2026/process_data/generated/real_images/37557_no_bg.png,True,273495
37558,True,eligible,https://images.metmuseum.org/CRDImages/as/original/DT5077.jpg,0.81146800,#838483,"[""#838483"", ""#8c8c8b"", ""#fdfdfd"", ""#939493"", ""#a3a4a3"", ""#7c7c7b"", ""#9b9c9c"", ""#ababac""]","[0.03022371, 0.0273058, 0.02666939, 0.02124185, 0.02083959, 0.0204013, 0.0187082, 0.01758547]",1,gray,/Users/oliviakasmin/Desktop/okasmin-parsons-thesis-2026/process_data/generated/real_images/37558_no_bg.png,True,166558
37563,True,eligible,https://images.metmuseum.org/CRDImages/as/original/DT6866.jpg,0.05672000,#fefefe,"[""#fefefe"", ""#7b6b5b"", ""#746454"", ""#7c6244"", ""#7b5d3b"", ""#745a3c"", ""#7b644b"", ""#7c6a54""]","[0.01544, 0.01065, 0.008975, 0.0075, 0.00684, 0.00634, 0.006055, 0.006035]",8,orange,/Users/oliviakasmin/Desktop/okasmin-parsons-thesis-2026/process_data/generated/real_images/37563_no_bg.png,True,338525
37649,True,eligible,https://images.metmuseum.org/CRDImages/as/original/1996_265_1_O2.jpg,0.00014800,#b49373,"[""#b49373"", ""#ac8c6c"", ""#bc9b7b"", ""#a48364"", ""#ba9574"", ""#c39d7b"", ""#c4a481"", ""#c4a27d""]","[0.047735, 0.03761, 0.03649, 0.023305, 0.02303, 0.022165, 0.02094, 0.020315]",6,orange,/Users/oliviakasmin/Desktop/okasmin-parsons-thesis-2026/process_data/generated/real_images/37649_no_bg.png,True,377767
37657,False,bw_original,https://images.metmuseum.org/CRDImages/as/original/1984_498_3_237967.jpg,1.00000000,,[],[],,,/Users/oliviakasmin/Desktop/okasmin-parsons-thesis-2026/process_data/generated/real_images/37657_no_bg.png,False,
38308,False,bw_original,https://images.metmuseum.org/CRDImages/as/original/1986_506_9_264829.jpg,1.00000000,,[],[],,,/Users/oliviakasmin/Desktop/okasmin-parsons-thesis-2026/process_data/generated/real_images/38308_no_bg.png,False,
38546,True,eligible,https://images.metmuseum.org/CRDImages/as/original/1992_72_4.jpg,0.00211200,#ecdabc,"[""#ecdabc"", ""#e5d2b4"", ""#ddcaac"", ""#d5c2a4"", ""#9b815c"", ""#ccba9d"", ""#8c7553"", ""#937d5a""]","[0.05151483, 0.05085968, 0.03434322, 0.03121611, 0.02639881, 0.02392134, 0.02324967, 0.02305147]",9,white,/Users/oliviakasmin/Desktop/okasmin-parsons-thesis-2026/process_data/generated/real_images/38546_no_bg.png,True,181637
39484,True,eligible,https://images.metmuseum.org/CRDImages/as/original/DT4188.jpg,0.00684800,#cbcdd3,"[""#cbcdd3"", ""#c3c5ca"", ""#c5c9cc"", ""#cdd2db"", ""#fdfdfd"", ""#acb3bc"", ""#a4abb3"", ""#d2d5db""]","[0.02880866, 0.02394661, 0.02337421, 0.01823606, 0.01713839, 0.01614847, 0.0155626, 0.01519896]",2,blue,/Users/oliviakasmin/Desktop/okasmin-parsons-thesis-2026/process_data/generated/real_images/39484_no_bg.png,True,148497
39496,True,eligible,https://images.metmuseum.org/CRDImages/as/original/DT4131.jpg,0.80960400,#54442b,"[""#54442b"", ""#fdfdfd"", ""#4c3c23"", ""#c4b3a4"", ""#c4b4ab"", ""#534225"", ""#5c4c33"", ""#cbbbac""]","[0.028545, 0.02595, 0.01844, 0.0173, 0.017035, 0.016675, 0.01639, 0.01564]",5,orange,/Users/oliviakasmin/Desktop/okasmin-parsons-thesis-2026/process_data/generated/real_images/39496_no_bg.png,True,209575
39500,True,eligible,https://images.metmuseum.org/CRDImages/as/original/1997_34_5.JPG,0.00000000,#3a3532,"[""#3a3532"", ""#423d3a"", ""#3e3935"", ""#5a5552"", ""#625d5a"", ""#726d6a"", ""#6a6562"", ""#524d4a""]","[0.043215, 0.03555, 0.028425, 0.02807, 0.026715, 0.02632, 0.02623, 0.025875]",5,orange,/Users/oliviakasmin/Desktop/okasmin-parsons-thesis-2026/process_data/generated/real_images/39500_no_bg.png,True,408444
39501,True,eligible,https://images.metmuseum.org/CRDImages/as/original/1997_34_6.JPG,0.00009600,#4a4542,"[""#4a4542"", ""#423d3a"", ""#524d4a"", ""#5a5552"", ""#46413d"", ""#4e4945"", ""#625d5a"", ""#6a6561""]","[0.04092, 0.03782, 0.03781, 0.033165, 0.03037, 0.03035, 0.030345, 0.02681]",5,orange,/Users/oliviakasmin/Desktop/okasmin-parsons-thesis-2026/process_data/generated/real_images/39501_no_bg.png,True,413711
39505,True,eligible,https://images.metmuseum.org/CRDImages/as/original/1997_34_10.JPG,0.00000000,#8a8581,"[""#8a8581"", ""#3a3532"", ""#817d7a"", ""#524d4a"", ""#5a5652"", ""#85817d"", ""#423d3a"", ""#4a4542""]","[0.02696, 0.023665, 0.023625, 0.023525, 0.02346, 0.02302, 0.02191, 0.02176]",6,orange,/Users/oliviakasmin/Desktop/okasmin-parsons-thesis-2026/process_data/generated/real_images/39505_no_bg.png,True,315307
39506,True,eligible,https://images.metmuseum.org/CRDImages/as/original/DP252971.jpg,0.17184800,#4b3d2c,"[""#4b3d2c"", ""#ead5ac"", ""#534533"", ""#6c5b43"", ""#64533c"", ""#eddab4"", ""#73644b"", ""#5b4b34""]","[0.01519, 0.01478, 0.01453, 0.013555, 0.01347, 0.012925, 0.012495, 0.012355]",5,orange,/Users/oliviakasmin/Desktop/okasmin-parsons-thesis-2026/process_data/generated/real_images/39506_no_bg.png,True,311362
39510,True,eligible,https://images.metmuseum.org/CRDImages/as/original/1997_34_15.JPG,0.00012800,#b2adaa,"[""#b2adaa"", ""#aaa6a2"", ""#a39e9a"", ""#bab5b1"", ""#9b9692"", ""#aea9a5"", ""#a6a19d"", ""#b6b1ad""]","[0.052, 0.05128, 0.04564, 0.04447, 0.03919, 0.03918, 0.03701, 0.036085]",6,orange,/Users/oliviakasmin/Desktop/okasmin-parsons-thesis-2026/process_data/generated/real_images/39510_no_bg.png,True,330732
39511,True,eligible,https://images.metmuseum.org/CRDImages/as/original/DP253253.jpg,0.21602800,#7b6c53,"[""#7b6c53"", ""#83745b"", ""#ac9c83"", ""#a4937b"", ""#73644c"", ""#93836b"", ""#9c8c73"", ""#8b7c63""]","[0.017875, 0.017765, 0.01678, 0.016515, 0.01576, 0.015695, 0.01562, 0.01558]",6,orange,/Users/oliviakasmin/Desktop/okasmin-parsons-thesis-2026/process_data/generated/real_images/39511_no_bg.png,True,364952
39512,True,eligible,https://images.metmuseum.org/CRDImages/as/original/1997_34_17.JPG,0.00358400,#8a8581,"[""#8a8581"", ""#120d0b"", ""#7a7572"", ""#827d7a"", ""#726d6a"", ""#85817d"", ""#6a6662"", ""#625e5a""]","[0.02911, 0.028015, 0.02777, 0.02739, 0.02702, 0.025595, 0.02503, 0.023345]",6,orange,/Users/oliviakasmin/Desktop/okasmin-parsons-thesis-2026/process_data/generated/real_images/39512_no_bg.png,True,323810
39513,True,eligible,https://images.metmuseum.org/CRDImages/as/original/DP253558.jpg,0.32990000,#34322c,"[""#34322c"", ""#433d33"", ""#4b453b"", ""#534c43"", ""#3b352c"", ""#3c3a34"", ""#5c544b"", ""#2c2a24""]","[0.02562, 0.02495, 0.02479, 0.024195, 0.02351, 0.023315, 0.022795, 0.02171]",3,yellow,/Users/oliviakasmin/Desktop/okasmin-parsons-thesis-2026/process_data/generated/real_images/39513_no_bg.png,True,333580
39520,True,eligible,https://images.metmuseum.org/CRDImages/as/original/DP253562.jpg,0.35151600,#fdfdfd,"[""#fdfdfd"", ""#6c5c4b"", ""#9b836c"", ""#635443"", ""#4b453b"", ""#937c64"", ""#746453"", ""#a38b74""]","[0.02502, 0.013385, 0.01291, 0.01211, 0.01203, 0.01187, 0.011835, 0.011785]",8,orange,/Users/oliviakasmin/Desktop/okasmin-parsons-thesis-2026/process_data/generated/real_images/39520_no_bg.png,True,342959
39521,True,eligible,https://images.metmuseum.org/CRDImages/as/original/DT4134.jpg,0.77766000,#534d3c,"[""#534d3c"", ""#5a5444"", ""#4b4534"", ""#fdfdfd"", ""#9b9383"", ""#635d4c"", ""#6b6453"", ""#454233""]","[0.02250718, 0.02010157, 0.01811403, 0.01764113, 0.01604425, 0.01579752, 0.01515328, 0.0143377]",3,yellow,/Users/oliviakasmin/Desktop/okasmin-parsons-thesis-2026/process_data/generated/real_images/39521_no_bg.png,True,145909
39524,True,eligible,https://images.metmuseum.org/CRDImages/as/original/DP222014.jpg,0.07146800,#fdfdfd,"[""#fdfdfd"", ""#f4f4f3"", ""#2c4423"", ""#2c4b23"", ""#2b2d1c"", ""#2c331c"", ""#ececeb"", ""#44230c""]","[0.02695233, 0.00450837, 0.00441624, 0.00321862, 0.00314377, 0.00301134, 0.00264859, 0.00259102]",8,orange,/Users/oliviakasmin/Desktop/okasmin-parsons-thesis-2026/process_data/generated/real_images/39524_no_bg.png,True,173677
39528,True,eligible,https://images.metmuseum.org/CRDImages/as/original/DP-14610-043.jpg,0.71323200,#020202,"[""#020202"", ""#131314"", ""#0c0c0c"", ""#1b1b1b"", ""#03040a"", ""#0c0d12"", ""#14151a"", ""#2b2b2c""]","[0.177065, 0.06449, 0.052855, 0.031895, 0.027, 0.020855, 0.02003, 0.020015]",5,orange,/Users/oliviakasmin/Desktop/okasmin-parsons-thesis-2026/process_data/generated/real_images/39528_no_bg.png,True,476466
39531,True,eligible,https://images.metmuseum.org/CRDImages/as/original/1997_1_10.jpg,0.00017200,#edebdc,"[""#edebdc"", ""#f1ede3"", ""#fefdfd"", ""#d4c4a3"", ""#ebead4"", ""#d3c39c"", ""#daccab"", ""#7b6554""]","[0.018545, 0.01568, 0.012645, 0.012415, 0.01176, 0.011195, 0.010785, 0.00938]",9,white,/Users/oliviakasmin/Desktop/okasmin-parsons-thesis-2026/process_data/generated/real_images/39531_no_bg.png,True,387322
39559,True,eligible,https://images.metmuseum.org/CRDImages/as/original/DP158745.jpg,0.07414800,#242422,"[""#242422"", ""#21211e"", ""#1d1d1b"", ""#2c2c2a"", ""#343433"", ""#292926"", ""#3c3c3a"", ""#32312e""]","[0.345055, 0.116025, 0.09775, 0.059405, 0.0463, 0.029835, 0.022795, 0.017795]",3,yellow,/Users/oliviakasmin/Desktop/okasmin-parsons-thesis-2026/process_data/generated/real_images/39559_no_bg.png,True,266463
39576,True,eligible,https://images.metmuseum.org/CRDImages/as/original/DP-34202-001.jpg,0.54836400,#2a2523,"[""#2a2523"", ""#cdb294"", ""#ccae91"", ""#d3b699"", ""#d4ba9c"", ""#2e2925"", ""#caab8e"", ""#c5aa8c""]","[0.03156, 0.029495, 0.025195, 0.024645, 0.024435, 0.02362, 0.020925, 0.019495]",5,orange,/Users/oliviakasmin/Desktop/okasmin-parsons-thesis-2026/process_data/generated/real_images/39576_no_bg.png,True,365229
39589,True,eligible,https://images.metmuseum.org/CRDImages/as/original/DP254514.jpg,0.21526400,#a4a49b,"[""#a4a49b"", ""#9c9c93"", ""#fdfdfd"", ""#94958b"", ""#abaca3"", ""#83847b"", ""#8b8c82"", ""#9c9582""]","[0.036215, 0.03606, 0.02724, 0.026005, 0.02593, 0.021805, 0.020905, 0.01941]",7,gray,/Users/oliviakasmin/Desktop/okasmin-parsons-thesis-2026/process_data/generated/real_images/39589_no_bg.png,True,247011
39590,True,eligible,https://images.metmuseum.org/CRDImages/as/original/DT4857.jpg,0.63660000,#9ba394,"[""#9ba394"", ""#949c8c"", ""#9a9e8c"", ""#8b9583"", ""#949a84"", ""#adbaab"", ""#9ca18d"", ""#abb4a4""]","[0.11469, 0.063385, 0.03148, 0.0301, 0.030035, 0.02975, 0.02772, 0.027305]",7,gray,/Users/oliviakasmin/Desktop/okasmin-parsons-thesis-2026/process_data/generated/real_images/39590_no_bg.png,True,256244
39609,True,eligible,https://images.metmuseum.org/CRDImages/as/original/1996_476_O1.jpg,0.02068000,#545b44,"[""#545b44"", ""#454a33"", ""#646b54"", ""#6b725c"", ""#747b64"", ""#7b816c"", ""#656c5a"", ""#4d523c""]","[0.04649, 0.04492, 0.038305, 0.036315, 0.0329, 0.02791, 0.027505, 0.02541]",3,yellow,/Users/oliviakasmin/Desktop/okasmin-parsons-thesis-2026/process_data/generated/real_images/39609_no_bg.png,True,524598
39631,True,eligible,https://images.metmuseum.org/CRDImages/as/original/LC-29_100_160_whs-002.jpg,0.08529200,#746c5b,"[""#746c5b"", ""#7b7463"", ""#6c6453"", ""#5c523c"", ""#645b44"", ""#6b634c"", ""#fefefe"", ""#645c4b""]","[0.02736, 0.024905, 0.023175, 0.02189, 0.02183, 0.02094, 0.02034, 0.01999]",6,orange,/Users/oliviakasmin/Desktop/okasmin-parsons-thesis-2026/process_data/generated/real_images/39631_no_bg.png,True,229721
39666,True,eligible,https://images.metmuseum.org/CRDImages/as/original/DP-32251-001.jpg,0.62498400,#ebf2f4,"[""#ebf2f4"", ""#e3ebed"", ""#fdfdfd"", ""#c3cbcd"", ""#bbc3c4"", ""#cad3d5"", ""#dbe4e5"", ""#f4f9fc""]","[0.020285, 0.01815, 0.015895, 0.013135, 0.01166, 0.0104, 0.010155, 0.00959]",2,blue,/Users/oliviakasmin/Desktop/okasmin-parsons-thesis-2026/process_data/generated/real_images/39666_no_bg.png,True,412262
39885,True,eligible,https://images.metmuseum.org/CRDImages/as/original/DP231902.jpg,0.00004800,#636554,"[""#636554"", ""#b4b3a4"", ""#acac9b"", ""#6a6c5c"", ""#5b5c4d"", ""#bbbaac"", ""#66695a"", ""#a2a494""]","[0.035535, 0.02871, 0.02579, 0.021445, 0.01775, 0.01767, 0.01716, 0.016225]",3,yellow,/Users/oliviakasmin/Desktop/okasmin-parsons-thesis-2026/process_data/generated/real_images/39885_no_bg.png,True,450225
40074,False,bw_original,https://images.metmuseum.org/CRDImages/as/original/76368.jpg,1.00000000,,[],[],,,/Users/oliviakasmin/Desktop/okasmin-parsons-thesis-2026/process_data/generated/real_images/40074_no_bg.png,False,
40082,False,bw_original,https://images.metmuseum.org/CRDImages/as/original/1992_165_1_L35736.jpg,1.00000000,,[],[],,,/Users/oliviakasmin/Desktop/okasmin-parsons-thesis-2026/process_data/generated/real_images/40082_no_bg.png,False,
40083,False,bw_original,https://images.metmuseum.org/CRDImages/as/original/1992_165_2_L35745.jpg,1.00000000,,[],[],,,/Users/oliviakasmin/Desktop/okasmin-parsons-thesis-2026/process_data/generated/real_images/40083_no_bg.png,False,
40084,True,eligible,https://images.metmuseum.org/CRDImages/as/original/ASA106.jpg,0.01221239,#e3e5ec,"[""#e3e5ec"", ""#ebecf3"", ""#dadde4"", ""#fdfdfd"", ""#cacdd3"", ""#d2d5dc"", ""#d5dbe2"", ""#dee2e9""]","[0.03105632, 0.03016367, 0.02427105, 0.01645753, 0.01632759, 0.01591516, 0.01402252, 0.01319767]",2,blue,/Users/oliviakasmin/Desktop/okasmin-parsons-thesis-2026/process_data/generated/real_images/40084_no_bg.png,True,177001
40095,True,eligible,https://images.metmuseum.org/CRDImages/as/original/DP23087.jpg,0.00104400,#6b3a25,"[""#6b3a25"", ""#6c3d2a"", ""#73432c"", ""#653a24"", ""#653522"", ""#6c422c"", ""#6b3523"", ""#733a25""]","[0.02166, 0.015845, 0.01282, 0.011605, 0.01129, 0.01101, 0.00988, 0.00938]",5,orange,/Users/oliviakasmin/Desktop/okasmin-parsons-thesis-2026/process_data/generated/real_images/40095_no_bg.png,True,418038
40206,False,bw_original,https://images.metmuseum.org/CRDImages/as/original/268189.jpg,1.00000000,,[],[],,,/Users/oliviakasmin/Desktop/okasmin-parsons-thesis-2026/process_data/generated/real_images/40206_no_bg.png,False,
40207,False,bw_original,https://images.metmuseum.org/CRDImages/as/original/268190.jpg,1.00000000,,[],[],,,/Users/oliviakasmin/Desktop/okasmin-parsons-thesis-2026/process_data/generated/real_images/40207_no_bg.png,False,
40959,True,eligible,https://images.metmuseum.org/CRDImages/as/original/79_2_815_O1_sf.jpg,0.04829600,#959383,"[""#959383"", ""#9b9a8c"", ""#a4a59b"", ""#fefefe"", ""#abaca3"", ""#a2a295"", ""#9d9d92"", ""#999585""]","[0.04740681, 0.029166, 0.02778761, 0.02550282, 0.02432824, 0.01610619, 0.01599356, 0.01519442]",6,orange,/Users/oliviakasmin/Desktop/okasmin-parsons-thesis-2026/process_data/generated/real_images/40959_no_bg.png,True,186450
40960,False,bw_original,https://images.metmuseum.org/CRDImages/as/original/29468.jpg,1.00000000,,[],[],,,/Users/oliviakasmin/Desktop/okasmin-parsons-thesis-2026/process_data/generated/real_images/40960_no_bg.png,False,
41076,True,eligible,https://images.metmuseum.org/CRDImages/as/original/DP294390.jpg,0.24172800,#fefefc,"[""#fefefc"", ""#f3f3ec"", ""#ebebe4"", ""#fbfbf4"", ""#f4f5f2"", ""#e3e3dc"", ""#dbdbd4"", ""#ecedea""]","[0.03278, 0.01653, 0.015735, 0.014105, 0.013215, 0.01316, 0.010355, 0.00927]",7,gray,/Users/oliviakasmin/Desktop/okasmin-parsons-thesis-2026/process_data/generated/real_images/41076_no_bg.png,True,201760
41749,True,eligible,https://images.metmuseum.org/CRDImages/as/original/23_225_54_ab_O1_sf.jpg,0.00680400,#d3dcd3,"[""#d3dcd3"", ""#94958c"", ""#9b9c94"", ""#b3b4ac"", ""#babbb3"", ""#ccd4cb"", ""#fefefd"", ""#a3a49b""]","[0.05329, 0.05075, 0.04434, 0.034025, 0.03243, 0.031065, 0.029395, 0.02818]",7,gray,/Users/oliviakasmin/Desktop/okasmin-parsons-thesis-2026/process_data/generated/real_images/41749_no_bg.png,True,372557
41753,True,eligible,https://images.metmuseum.org/CRDImages/as/original/23_225_107_O1_sf.jpg,0.00468400,#cbc5b3,"[""#cbc5b3"", ""#bbb5a4"", ""#c3bcab"", ""#dddaca"", ""#d3cdbb"", ""#b3ad9c"", ""#dad6c4"", ""#bdb9ab""]","[0.03170688, 0.02976053, 0.0271397, 0.02664508, 0.02299006, 0.02288728, 0.02101159, 0.01885326]",9,white,/Users/oliviakasmin/Desktop/okasmin-parsons-thesis-2026/process_data/generated/real_images/41753_no_bg.png,True,155676
42011,True,eligible,https://images.metmuseum.org/CRDImages/as/original/DP703026.jpg,0.55830000,#242323,"[""#242323"", ""#2b2523"", ""#332b24"", ""#1c1c1b"", ""#24221d"", ""#3b332c"", ""#2c2a24"", ""#231d1b""]","[0.017575, 0.015385, 0.014895, 0.01488, 0.01434, 0.01367, 0.013425, 0.012965]",5,orange,/Users/oliviakasmin/Desktop/okasmin-parsons-thesis-2026/process_data/generated/real_images/42011_no_bg.png,True,242733
42190,True,eligible,https://images.metmuseum.org/CRDImages/as/original/DP271348.jpg,0.25107600,#657174,"[""#657174"", ""#14233c"", ""#8b9ca4"", ""#0c1b34"", ""#fdfefe"", ""#73848b"", ""#1c2b44"", ""#131d33""]","[0.02198, 0.019425, 0.01818, 0.0157, 0.015055, 0.014815, 0.01462, 0.014535]",4,blue,/Users/oliviakasmin/Desktop/okasmin-parsons-thesis-2026/process_data/generated/real_images/42190_no_bg.png,True,230803
42191,True,eligible,https://images.metmuseum.org/CRDImages/as/original/DP-23919-001.jpg,0.37255600,#fdfefd,"[""#fdfefd"", ""#1b243b"", ""#1c2b44"", ""#1b2434"", ""#14233c"", ""#232c3c"", ""#1c2c4b"", ""#131c33""]","[0.01756, 0.00546, 0.00536, 0.00526, 0.005145, 0.00514, 0.004865, 0.004725]",2,blue,/Users/oliviakasmin/Desktop/okasmin-parsons-thesis-2026/process_data/generated/real_images/42191_no_bg.png,True,211310
42192,True,eligible,https://images.metmuseum.org/CRDImages/as/original/DP-14607-001.jpg,0.07036400,#abbb9c,"[""#abbb9c"", ""#c4d4bb"", ""#b3c3a4"", ""#fdfefd"", ""#a3b394"", ""#434c3b"", ""#bcccb2"", ""#bbcbac""]","[0.018645, 0.018235, 0.018165, 0.017875, 0.017605, 0.017365, 0.01711, 0.016575]",1,gray,/Users/oliviakasmin/Desktop/okasmin-parsons-thesis-2026/process_data/generated/real_images/42192_no_bg.png,True,228897
42199,True,eligible,https://images.metmuseum.org/CRDImages/as/original/DP-14605-066.jpg,0.51100800,#fdfdfe,"[""#fdfdfe"", ""#5a5c5b"", ""#f2f4f5"", ""#f3f6f9"", ""#535554"", ""#f5fafc"", ""#edf2f4"", ""#eaeced""]","[0.11815156, 0.02660601, 0.01746085, 0.01725217, 0.01717392, 0.01577058, 0.01420552, 0.01025636]",2,blue,/Users/oliviakasmin/Desktop/okasmin-parsons-thesis-2026/process_data/generated/real_images/42199_no_bg.png,True,191686
42200,True,eligible,https://images.metmuseum.org/CRDImages/as/original/DP-14605-075.jpg,0.45289200,#fdfdfd,"[""#fdfdfd"", ""#e2e3e5"", ""#636564"", ""#eaebec"", ""#e4e5ea"", ""#6a6c6b"", ""#f3f4f4"", ""#dadbdd""]","[0.02817, 0.01983, 0.017815, 0.017425, 0.01354, 0.011145, 0.009835, 0.009835]",2,blue,/Users/oliviakasmin/Desktop/okasmin-parsons-thesis-2026/process_data/generated/real_images/42200_no_bg.png,True,235812
42201,True,eligible,https://images.metmuseum.org/CRDImages/as/original/DP-14605-091.jpg,0.46803200,#fdfdfd,"[""#fdfdfd"", ""#eaeced"", ""#0b1b34"", ""#04132c"", ""#eceef1"", ""#02031c"", ""#edf1f4"", ""#030b24""]","[0.024715, 0.01513, 0.01224, 0.01124, 0.010945, 0.010795, 0.010715, 0.010655]",2,blue,/Users/oliviakasmin/Desktop/okasmin-parsons-thesis-2026/process_data/generated/real_images/42201_no_bg.png,True,206288
42202,True,eligible,https://images.metmuseum.org/CRDImages/as/original/DP-14605-080.jpg,0.73674400,#ebecec,"[""#ebecec"", ""#d3d4d4"", ""#dbdcdc"", ""#e3e4e4"", ""#4b4b4b"", ""#cbcccc"", ""#fdfdfd"", ""#c4c4c4""]","[0.05338271, 0.03259366, 0.03141614, 0.03025629, 0.02995602, 0.02957921, 0.0251753, 0.0212424]",2,blue,/Users/oliviakasmin/Desktop/okasmin-parsons-thesis-2026/process_data/generated/real_images/42202_no_bg.png,True,169849
42203,True,eligible,https://images.metmuseum.org/CRDImages/as/original/DP-14605-146.jpg,0.65938000,#fefefd,"[""#fefefd"", ""#032483"", ""#fcfdf5"", ""#032b94"", ""#032b9b"", ""#031c73"", ""#021c6c"", ""#03237c""]","[0.10097909, 0.01043192, 0.00998657, 0.00983812, 0.00954122, 0.00916335, 0.00908913, 0.00887995]",8,orange,/Users/oliviakasmin/Desktop/okasmin-parsons-thesis-2026/process_data/generated/real_images/42203_no_bg.png,True,148199
42204,True,eligible,https://images.metmuseum.org/CRDImages/as/original/DP-14605-070.jpg,0.61972800,#fdfdfd,"[""#fdfdfd"", ""#f5fafc"", ""#f2f6fa"", ""#edf2f4"", ""#f2f4f5"", ""#ebecec"", ""#ebeef2"", ""#e5eaec""]","[0.04228458, 0.0276017, 0.02074538, 0.01771119, 0.01644694, 0.01203091, 0.01085486, 0.00980819]",2,blue,/Users/oliviakasmin/Desktop/okasmin-parsons-thesis-2026/process_data/generated/real_images/42204_no_bg.png,True,170062
42205,True,eligible,https://images.metmuseum.org/CRDImages/as/original/DP-14605-030.jpg,0.14122400,#fdfdfd,"[""#fdfdfd"", ""#dcdcdb"", ""#f3f3f3"", ""#d4d4d3"", ""#e3e3e3"", ""#cccccb"", ""#c4c4c3"", ""#bcbcbb""]","[0.02403192, 0.02250146, 0.01863279, 0.01834127, 0.01808619, 0.01365878, 0.01231051, 0.01169711]",9,white,/Users/oliviakasmin/Desktop/okasmin-parsons-thesis-2026/process_data/generated/real_images/42205_no_bg.png,True,164656
42206,True,eligible,https://images.metmuseum.org/CRDImages/as/original/DP-14605-035.jpg,0.12272400,#dcdcdb,"[""#dcdcdb"", ""#fdfdfd"", ""#d4d4d3"", ""#ededec"", ""#f2f2f2"", ""#e3e4e3"", ""#cccccb"", ""#c4c4c2""]","[0.0234426, 0.02293324, 0.0166471, 0.0165415, 0.01520601, 0.01498239, 0.01221201, 0.01052867]",9,white,/Users/oliviakasmin/Desktop/okasmin-parsons-thesis-2026/process_data/generated/real_images/42206_no_bg.png,True,160989
42207,True,eligible,https://images.metmuseum.org/CRDImages/as/original/DP-14605-025.jpg,0.07114400,#fefefe,"[""#fefefe"", ""#6a6a64"", ""#e3e4e3"", ""#dbdddb"", ""#ebeceb"", ""#d3d4d3"", ""#838481"", ""#cbcccb""]","[0.027895, 0.024075, 0.01715, 0.0167, 0.014055, 0.0136, 0.012795, 0.01266]",7,gray,/Users/oliviakasmin/Desktop/okasmin-parsons-thesis-2026/process_data/generated/real_images/42207_no_bg.png,True,216430
42208,True,eligible,https://images.metmuseum.org/CRDImages/as/original/DP-14605-099.jpg,0.05956400,#020201,"[""#020201"", ""#15120d"", ""#120e0a"", ""#25211d"", ""#1a1612"", ""#221e1a"", ""#0d0a05"", ""#1d1915""]","[0.36584746, 0.04450019, 0.03682012, 0.03536146, 0.03525096, 0.03342211, 0.03049926, 0.03040533]",3,yellow,/Users/oliviakasmin/Desktop/okasmin-parsons-thesis-2026/process_data/generated/real_images/42208_no_bg.png,True,180988
42209,True,eligible,https://images.metmuseum.org/CRDImages/as/original/DP-14605-010.jpg,0.47932800,#fefefc,"[""#fefefc"", ""#e3ddd2"", ""#eae5da"", ""#dcd6ca"", ""#f2eee3"", ""#f9f5eb"", ""#fdfcf4"", ""#d4cdc2""]","[0.0756, 0.065275, 0.05495, 0.052515, 0.049555, 0.04162, 0.041245, 0.03675]",9,white,/Users/oliviakasmin/Desktop/okasmin-parsons-thesis-2026/process_data/generated/real_images/42209_no_bg.png,True,260298
42211,True,eligible,https://images.metmuseum.org/CRDImages/as/original/DP-14605-096.jpg,0.05658000,#020202,"[""#020202"", ""#1d1b1a"", ""#0c0b0a"", ""#fefdfd"", ""#151412"", ""#252322"", ""#0c0905"", ""#1b1916""]","[0.37058042, 0.05522999, 0.04235648, 0.03441928, 0.03278733, 0.03113515, 0.0302922, 0.02425669]",5,orange,/Users/oliviakasmin/Desktop/okasmin-parsons-thesis-2026/process_data/generated/real_images/42211_no_bg.png,True,148289
42212,True,eligible,https://images.metmuseum.org/CRDImages/as/original/DP-14605-063.jpg,0.23962400,#fefefe,"[""#fefefe"", ""#accce3"", ""#a4c4db"", ""#b4d4ea"", ""#bcd9ee"", ""#9cbbd3"", ""#c2ddf2"", ""#bad6eb""]","[0.057755, 0.03335, 0.02975, 0.028765, 0.02621, 0.02558, 0.023605, 0.02226]",2,blue,/Users/oliviakasmin/Desktop/okasmin-parsons-thesis-2026/process_data/generated/real_images/42212_no_bg.png,True,201449
42213,True,eligible,https://images.metmuseum.org/CRDImages/as/original/DP-14605-084.jpg,0.07205200,#94b2dc,"[""#94b2dc"", ""#a3bde3"", ""#9dbae3"", ""#8cabd3"", ""#9ab5dc"", ""#94b4e1"", ""#fdfdfd"", ""#84a3cb""]","[0.04794862, 0.04214442, 0.03162432, 0.02963269, 0.02955444, 0.02651009, 0.02485987, 0.02212138]",2,blue,/Users/oliviakasmin/Desktop/okasmin-parsons-thesis-2026/process_data/generated/real_images/42213_no_bg.png,True,140588
42215,True,eligible,https://images.metmuseum.org/CRDImages/as/original/DP-14605-013.jpg,0.43746800,#f3ede3,"[""#f3ede3"", ""#fefefb"", ""#fdfbf4"", ""#ece5da"", ""#e4ddd2"", ""#d3cbbc"", ""#f9f5eb"", ""#cbc3b4""]","[0.06805, 0.065565, 0.049175, 0.032315, 0.030285, 0.0295, 0.02908, 0.028815]",9,white,/Users/oliviakasmin/Desktop/okasmin-parsons-thesis-2026/process_data/generated/real_images/42215_no_bg.png,True,315797
42216,True,eligible,https://images.metmuseum.org/CRDImages/as/original/DP-14605-040.jpg,0.09630400,#fdfdfd,"[""#fdfdfd"", ""#4c7bbc"", ""#537cbb"", ""#2b3d5b"", ""#2d3b54"", ""#5b83c4"", ""#323d53"", ""#4473b4""]","[0.02395973, 0.01185139, 0.01112247, 0.01045649, 0.00989014, 0.00985343, 0.00983245, 0.00971184]",2,blue,/Users/oliviakasmin/Desktop/okasmin-parsons-thesis-2026/process_data/generated/real_images/42216_no_bg.png,True,190695
42217,True,eligible,https://images.metmuseum.org/CRDImages/as/original/DP342716.jpg,0.22970400,#fdfdfd,"[""#fdfdfd"", ""#b3533c"", ""#ab5443"", ""#a45444"", ""#542b24"", ""#ab5b4b"", ""#ac4d3b"", ""#5b2d24""]","[0.0205213, 0.01794662, 0.01590488, 0.01374547, 0.01312256, 0.01240968, 0.01216744, 0.01153069]",0,red,/Users/oliviakasmin/Desktop/okasmin-parsons-thesis-2026/process_data/generated/real_images/42217_no_bg.png,True,144484
42218,False,bw_original,https://images.metmuseum.org/CRDImages/as/original/20983.jpg,1.00000000,,[],[],,,/Users/oliviakasmin/Desktop/okasmin-parsons-thesis-2026/process_data/generated/real_images/42218_no_bg.png,False,
42220,False,bw_original,https://images.metmuseum.org/CRDImages/as/original/23378.jpg,1.00000000,,[],[],,,/Users/oliviakasmin/Desktop/okasmin-parsons-thesis-2026/process_data/generated/real_images/42220_no_bg.png,False,
42221,True,eligible,https://images.metmuseum.org/CRDImages/as/original/DP350410.jpg,0.22932400,#fdfefd,"[""#fdfefd"", ""#b3b4b3"", ""#abadac"", ""#adb3b2"", ""#bbbcbb"", ""#acb2ad"", ""#ebeceb"", ""#b4bab5""]","[0.04078029, 0.03030429, 0.01973911, 0.01668312, 0.01251531, 0.0116651, 0.00977443, 0.00968524]",1,gray,/Users/oliviakasmin/Desktop/okasmin-parsons-thesis-2026/process_data/generated/real_images/42221_no_bg.png,True,168194
42222,True,eligible,https://images.metmuseum.org/CRDImages/as/original/DP-14605-136.jpg,0.50368800,#fdfdfd,"[""#fdfdfd"", ""#03543c"", ""#020302"", ""#035c43"", ""#034c34"", ""#032313"", ""#038463"", ""#d4c383""]","[0.01767902, 0.00388939, 0.00384596, 0.00343655, 0.00281003, 0.00258052, 0.00248127, 0.00245645]",8,orange,/Users/oliviakasmin/Desktop/okasmin-parsons-thesis-2026/process_data/generated/real_images/42222_no_bg.png,True,161208
42223,True,eligible,https://images.metmuseum.org/CRDImages/as/original/DP-14605-141.jpg,0.39669600,#020202,"[""#020202"", ""#fefefd"", ""#0b0b0b"", ""#131313"", ""#1b1b1c"", ""#242323"", ""#2c2b2b"", ""#343333""]","[0.14609053, 0.03962584, 0.02998498, 0.02483179, 0.0209669, 0.01438498, 0.01144204, 0.00802286]",5,orange,/Users/oliviakasmin/Desktop/okasmin-parsons-thesis-2026/process_data/generated/real_images/42223_no_bg.png,True,163782
42224,True,eligible,https://images.metmuseum.org/CRDImages/as/original/14_40_418_sf.jpg,0.00058800,#fefefd,"[""#fefefd"", ""#7c8c73"", ""#73846c"", ""#252c33"", ""#839374"", ""#7b8b6d"", ""#6d826b"", ""#2c3235""]","[0.0164119, 0.01608529, 0.01512297, 0.01248097, 0.00960568, 0.00923242, 0.00896997, 0.00869002]",1,gray,/Users/oliviakasmin/Desktop/okasmin-parsons-thesis-2026/process_data/generated/real_images/42224_no_bg.png,True,171461
42226,True,eligible,https://images.metmuseum.org/CRDImages/as/original/DP-14605-155.jpg,0.46456000,#abb4ac,"[""#abb4ac"", ""#4d524c"", ""#a3aca4"", ""#b3bcb4"", ""#bbc4bc"", ""#9ba49c"", ""#4a4d44"", ""#cddbd3""]","[0.02392, 0.0231, 0.02169, 0.02152, 0.01892, 0.018, 0.017625, 0.01762]",1,gray,/Users/oliviakasmin/Desktop/okasmin-parsons-thesis-2026/process_data/generated/real_images/42226_no_bg.png,True,226054
42227,True,eligible,https://images.metmuseum.org/CRDImages/as/original/DP-14605-105.jpg,0.69393600,#732223,"[""#732223"", ""#3b1d1b"", ""#3a2424"", ""#641b1d"", ""#6c2223"", ""#352423"", ""#6b1d1e"", ""#7c2324""]","[0.032115, 0.030925, 0.027375, 0.02489, 0.02284, 0.020455, 0.02033, 0.019235]",5,orange,/Users/oliviakasmin/Desktop/okasmin-parsons-thesis-2026/process_data/generated/real_images/42227_no_bg.png,True,403297
42228,True,eligible,https://images.metmuseum.org/CRDImages/as/original/DP-14605-061.jpg,0.58484000,#143b2c,"[""#143b2c"", ""#144432"", ""#fdfefd"", ""#133325"", ""#143629"", ""#193b2c"", ""#13533c"", ""#6bcba4""]","[0.02745, 0.01937, 0.01934, 0.015205, 0.01475, 0.01075, 0.010625, 0.010485]",4,blue,/Users/oliviakasmin/Desktop/okasmin-parsons-thesis-2026/process_data/generated/real_images/42228_no_bg.png,True,245357
42229,True,eligible,https://images.metmuseum.org/CRDImages/as/original/DP246426.jpg,0.00017200,#332225,"[""#332225"", ""#ac625d"", ""#2c1e22"", ""#b26561"", ""#fdfdfd"", ""#2d2125"", ""#ac6462"", ""#a45d5b""]","[0.02689344, 0.02466328, 0.02449414, 0.02232037, 0.01998998, 0.01910042, 0.01901898, 0.01755936]",5,orange,/Users/oliviakasmin/Desktop/okasmin-parsons-thesis-2026/process_data/generated/real_images/42229_no_bg.png,True,159630
42232,True,eligible,https://images.metmuseum.org/CRDImages/as/original/DP-14605-118.jpg,0.60646400,#fdfdfd,"[""#fdfdfd"", ""#3b1c1c"", ""#c35d5c"", ""#431c1d"", ""#b45354"", ""#2b0d0b"", ""#331413"", ""#4b2123""]","[0.02884785, 0.02718564, 0.02154769, 0.02152733, 0.01603186, 0.01581476, 0.01550267, 0.01434251]",0,red,/Users/oliviakasmin/Desktop/okasmin-parsons-thesis-2026/process_data/generated/real_images/42232_no_bg.png,True,147394
42237,True,eligible,https://images.metmuseum.org/CRDImages/as/original/DP-14605-017.jpg,0.00089200,#fdfdfd,"[""#fdfdfd"", ""#ab0403"", ""#b30504"", ""#631b12"", ""#a40403"", ""#bb0505"", ""#5c1c12"", ""#9c0404""]","[0.01791698, 0.01583692, 0.01477125, 0.01327247, 0.01238346, 0.01209852, 0.0117395, 0.01163122]",0,red,/Users/oliviakasmin/Desktop/okasmin-parsons-thesis-2026/process_data/generated/real_images/42237_no_bg.png,True,175476
42238,True,eligible,https://images.metmuseum.org/CRDImages/as/original/DP-14605-087.jpg,0.59295200,#3c2b13,"[""#3c2b13"", ""#4b3313"", ""#432e13"", ""#fefefd"", ""#453113"", ""#e4ab2b"", ""#3c2a0d"", ""#5b3c13""]","[0.027045, 0.022495, 0.01893, 0.01862, 0.013665, 0.00987, 0.009485, 0.009035]",5,orange,/Users/oliviakasmin/Desktop/okasmin-parsons-thesis-2026/process_data/generated/real_images/42238_no_bg.png,True,205037
42240,True,eligible,https://images.metmuseum.org/CRDImages/as/original/DP-14605-132.jpg,0.33737200,#fdfdfd,"[""#fdfdfd"", ""#c3bb83"", ""#c3ba7c"", ""#bdb474"", ""#bdb47b"", ""#c3bb8b"", ""#847d53"", ""#bcb36c""]","[0.02664968, 0.02169131, 0.0159314, 0.0154219, 0.01318504, 0.01053809, 0.00968684, 0.00965577]",8,orange,/Users/oliviakasmin/Desktop/okasmin-parsons-thesis-2026/process_data/generated/real_images/42240_no_bg.png,True,160940
42241,True,eligible,https://images.metmuseum.org/CRDImages/as/original/DP-14605-022.jpg,0.00088400,#fdd303,"[""#fdd303"", ""#fdcc02"", ""#fddb03"", ""#fcc402"", ""#f4bb02"", ""#ecb302"", ""#c48b02"", ""#fddc0b""]","[0.043215, 0.03697, 0.035985, 0.027745, 0.017845, 0.01706, 0.01587, 0.015815]",6,orange,/Users/oliviakasmin/Desktop/okasmin-parsons-thesis-2026/process_data/generated/real_images/42241_no_bg.png,True,223474
42242,True,eligible,https://images.metmuseum.org/CRDImages/as/original/DP-14605-089.jpg,0.08182000,#ecdd9b,"[""#ecdd9b"", ""#534c2a"", ""#ebdb95"", ""#e3d38d"", ""#fefefd"", ""#f3e4a2"", ""#534b25"", ""#4b4523""]","[0.03917, 0.0317, 0.0303, 0.02014, 0.017425, 0.01741, 0.0163, 0.014285]",9,white,/Users/oliviakasmin/Desktop/okasmin-parsons-thesis-2026/process_data/generated/real_images/42242_no_bg.png,True,254585
42243,True,eligible,https://images.metmuseum.org/CRDImages/as/original/DP342655.jpg,0.39591600,#fcac03,"[""#fcac03"", ""#fdb203"", ""#eb9403"", ""#fdfdfd"", ""#f39c03"", ""#fba403"", ""#e38c03"", ""#db8403""]","[0.02192051, 0.01731947, 0.01697503, 0.01612165, 0.01580292, 0.01470278, 0.01324793, 0.01253849]",6,orange,/Users/oliviakasmin/Desktop/okasmin-parsons-thesis-2026/process_data/generated/real_images/42243_no_bg.png,True,194521
42246,True,eligible,https://images.metmuseum.org/CRDImages/as/original/DP-14605-109.jpg,0.44538800,#ddeadb,"[""#ddeadb"", ""#ccdbca"", ""#d5e3d3"", ""#c5d4c2"", ""#fdfefe"", ""#bdccba"", ""#3b443b"", ""#b5c4b2""]","[0.06996809, 0.04630967, 0.04321766, 0.04016087, 0.03752668, 0.03001852, 0.02291888, 0.02245402]",1,gray,/Users/oliviakasmin/Desktop/okasmin-parsons-thesis-2026/process_data/generated/real_images/42246_no_bg.png,True,141979
42247,True,eligible,https://images.metmuseum.org/CRDImages/as/original/DP-14605-170.jpg,0.75682000,#535b52,"[""#535b52"", ""#c5cdc2"", ""#c2cabd"", ""#4c554b"", ""#c9d1c6"", ""#bac3b5"", ""#b2bbad"", ""#bdc6ba""]","[0.054055, 0.05134, 0.049505, 0.046365, 0.0439, 0.03211, 0.029125, 0.02709]",1,gray,/Users/oliviakasmin/Desktop/okasmin-parsons-thesis-2026/process_data/generated/real_images/42247_no_bg.png,True,452359
42248,True,eligible,https://images.metmuseum.org/CRDImages/as/original/DP-14605-152.jpg,0.00344400,#331513,"[""#331513"", ""#3b1514"", ""#fdfdfd"", ""#4c1c1a"", ""#431514"", ""#531c1b"", ""#341916"", ""#441b19""]","[0.032375, 0.02547, 0.016265, 0.013645, 0.01345, 0.012995, 0.012985, 0.012325]",5,orange,/Users/oliviakasmin/Desktop/okasmin-parsons-thesis-2026/process_data/generated/real_images/42248_no_bg.png,True,240588
42249,True,eligible,https://images.metmuseum.org/CRDImages/as/original/DP-14605-004.jpg,0.00440000,#331513,"[""#331513"", ""#3c1414"", ""#fdfdfd"", ""#2c1514"", ""#431414"", ""#4b1414"", ""#832b2d"", ""#531315""]","[0.02987619, 0.02968309, 0.02684168, 0.02675892, 0.01820158, 0.01248014, 0.01038356, 0.00978769]",5,orange,/Users/oliviakasmin/Desktop/okasmin-parsons-thesis-2026/process_data/generated/real_images/42249_no_bg.png,True,181248
42250,True,eligible,https://images.metmuseum.org/CRDImages/as/original/DP-14605-053.jpg,0.47136000,#f3f3f3,"[""#f3f3f3"", ""#fdfdfd"", ""#ececec"", ""#d3d3d3"", ""#440d22"", ""#cccccc"", ""#631433"", ""#c33d73""]","[0.02996815, 0.02494552, 0.01539115, 0.01386461, 0.01160772, 0.01098513, 0.01034458, 0.00942865]",0,red,/Users/oliviakasmin/Desktop/okasmin-parsons-thesis-2026/process_data/generated/real_images/42250_no_bg.png,True,167044
42251,True,eligible,https://images.metmuseum.org/CRDImages/as/original/DP-14605-049.jpg,0.48150800,#fdfdfd,"[""#fdfdfd"", ""#2c0204"", ""#3b050a"", ""#ececec"", ""#43040c"", ""#d3d3d3"", ""#4c0412"", ""#82142c""]","[0.02039387, 0.01649108, 0.0150006, 0.01231294, 0.01210942, 0.01129534, 0.01073267, 0.0103376]",0,red,/Users/oliviakasmin/Desktop/okasmin-parsons-thesis-2026/process_data/generated/real_images/42251_no_bg.png,True,167060
42253,False,bw_original,https://images.metmuseum.org/CRDImages/as/original/20712.jpg,1.00000000,,[],[],,,/Users/oliviakasmin/Desktop/okasmin-parsons-thesis-2026/process_data/generated/real_images/42253_no_bg.png,False,
42254,True,eligible,https://images.metmuseum.org/CRDImages/as/original/DP-14605-043.jpg,0.02362800,#fdfefe,"[""#fdfefe"", ""#f4fcfd"", ""#0c1c34"", ""#ebf3f5"", ""#fcfcf5"", ""#edf5fa"", ""#f3f4f4"", ""#041b3b""]","[0.083705, 0.01779, 0.00594, 0.005745, 0.00554, 0.004905, 0.004685, 0.00463]",2,blue,/Users/oliviakasmin/Desktop/okasmin-parsons-thesis-2026/process_data/generated/real_images/42254_no_bg.png,True,222041
42255,True,eligible,https://images.metmuseum.org/CRDImages/as/original/DP200408.jpg,0.48973200,#fdfdfd,"[""#fdfdfd"", ""#1b335b"", ""#e3e4e3"", ""#235493"", ""#ebeceb"", ""#1c3354"", ""#1b5ca3"", ""#1c2c4c""]","[0.027595, 0.01539, 0.012605, 0.011685, 0.011555, 0.01091, 0.00873, 0.007685]",2,blue,/Users/oliviakasmin/Desktop/okasmin-parsons-thesis-2026/process_data/generated/real_images/42255_no_bg.png,True,213114
42256,False,bw_original,https://images.metmuseum.org/CRDImages/as/original/20952.jpg,1.00000000,,[],[],,,/Users/oliviakasmin/Desktop/okasmin-parsons-thesis-2026/process_data/generated/real_images/42256_no_bg.png,False,
42257,False,bw_original,https://images.metmuseum.org/CRDImages/as/original/23489.jpg,1.00000000,,[],[],,,/Users/oliviakasmin/Desktop/okasmin-parsons-thesis-2026/process_data/generated/real_images/42257_no_bg.png,False,
42265,False,bw_original,https://images.metmuseum.org/CRDImages/as/original/264225_19.39.1.jpg,1.00000000,,[],[],,,/Users/oliviakasmin/Desktop/okasmin-parsons-thesis-2026/process_data/generated/real_images/42265_no_bg.png,False,
