object_id,cluster,cluster_type
207145,cluster_0,outliers
308349,cluster_0,outliers
2737,cluster_0,outliers
309746,cluster_0,outliers
308555,cluster_0,outliers
63048,cluster_0,outliers
240423,cluster_0,outliers
206392,cluster_0,outliers
210783,cluster_0,outliers
312608,cluster_0,outliers
240428,cluster_0,outliers
208199,cluster_0,outliers
313340,cluster_0,outliers
51173,cluster_0,outliers
308476,cluster_0,outliers
18861,cluster_0,outliers
310542,cluster_0,outliers
313397,cluster_0,outliers
547523,cluster_0,outliers
313320,cluster_0,outliers
315999,cluster_0,outliers
308477,cluster_0,outliers
318607,cluster_0,outliers
658719,cluster_0,outliers
188993,cluster_0,outliers
199601,cluster_0,outliers
255351,cluster_0,outliers
207713,cluster_0,outliers
317619,cluster_0,outliers
460149,cluster_0,outliers
308352,cluster_0,outliers
39505,cluster_0,outliers
770921,cluster_0,outliers
50885,cluster_0,outliers
314365,cluster_0,outliers
315688,cluster_0,outliers
255796,cluster_0,outliers
197570,cluster_0,outliers
461193,cluster_0,outliers
314165,cluster_0,outliers
308616,cluster_0,outliers
857709,cluster_0,outliers
240274,cluster_0,outliers
247198,cluster_0,outliers
73810,cluster_0,outliers
308524,cluster_0,outliers
307871,cluster_0,outliers
312632,cluster_0,outliers
46848,cluster_0,outliers
309387,cluster_0,outliers
45914,cluster_0,outliers
309731,cluster_0,outliers
240763,cluster_0,outliers
771047,cluster_0,outliers
448826,cluster_0,outliers
188900,cluster_0,outliers
308452,cluster_0,outliers
310227,cluster_0,outliers
2636,cluster_0,outliers
312572,cluster_0,outliers
313289,cluster_0,outliers
204071,cluster_0,outliers
255289,cluster_0,outliers
308723,cluster_0,outliers
309386,cluster_0,outliers
194471,cluster_0,outliers
309353,cluster_0,outliers
315062,cluster_0,outliers
310465,cluster_0,outliers
314684,cluster_0,outliers
52569,cluster_0,outliers
254200,cluster_0,outliers
204066,cluster_0,outliers
748327,cluster_0,outliers
251401,cluster_0,outliers
19001,cluster_0,outliers
477323,cluster_0,outliers
748303,cluster_0,outliers
312165,cluster_0,outliers
313145,cluster_0,outliers
316001,cluster_0,outliers
308558,cluster_0,outliers
39496,cluster_0,outliers
187701,cluster_0,outliers
246189,cluster_0,outliers
670809,cluster_0,outliers
314633,cluster_0,outliers
188645,cluster_0,outliers
2292,cluster_0,outliers
194439,cluster_0,outliers
47149,cluster_0,outliers
197532,cluster_0,outliers
308414,cluster_0,outliers
307864,cluster_0,outliers
240432,cluster_0,outliers
194262,cluster_0,outliers
49273,cluster_0,outliers
444900,cluster_0,outliers
247635,cluster_0,outliers
771039,cluster_0,outliers
316882,cluster_0,outliers
477815,cluster_0,outliers
771038,cluster_0,outliers
309503,cluster_0,outliers
240403,cluster_0,outliers
47420,cluster_0,outliers
205327,cluster_0,outliers
308552,cluster_0,outliers
307863,cluster_0,outliers
203363,cluster_0,outliers
252902,cluster_0,outliers
47260,cluster_0,outliers
250747,cluster_0,outliers
254198,cluster_0,outliers
191731,cluster_0,outliers
240668,cluster_0,outliers
254189,cluster_0,outliers
255461,cluster_0,outliers
47064,cluster_0,outliers
246979,cluster_0,outliers
39520,cluster_0,outliers
252458,cluster_0,outliers
314954,cluster_0,outliers
247207,cluster_0,outliers
460263,cluster_0,outliers
314955,cluster_0,outliers
50355,cluster_1,weird_cluster
771068,cluster_1,weird_cluster
463709,cluster_1,weird_cluster
72420,cluster_1,weird_cluster
309747,cluster_1,weird_cluster
552353,cluster_1,weird_cluster
53006,cluster_1,weird_cluster
204046,cluster_1,weird_cluster
449652,cluster_1,weird_cluster
308298,cluster_1,weird_cluster
465831,cluster_1,weird_cluster
463546,cluster_1,weird_cluster
47846,cluster_1,weird_cluster
447292,cluster_1,weird_cluster
63083,cluster_1,weird_cluster
316764,cluster_1,weird_cluster
449659,cluster_1,weird_cluster
207847,cluster_1,weird_cluster
48099,cluster_1,weird_cluster
240124,cluster_1,weird_cluster
49204,cluster_1,weird_cluster
50359,cluster_1,weird_cluster
476258,cluster_1,weird_cluster
198416,cluster_1,weird_cluster
309485,cluster_1,weird_cluster
310359,cluster_1,weird_cluster
207777,cluster_1,weird_cluster
247352,cluster_1,weird_cluster
253205,cluster_1,weird_cluster
449357,cluster_1,weird_cluster
204512,cluster_1,weird_cluster
449920,cluster_1,weird_cluster
204380,cluster_1,weird_cluster
205087,cluster_1,weird_cluster
468271,cluster_1,weird_cluster
771053,cluster_1,weird_cluster
465872,cluster_1,weird_cluster
447164,cluster_1,weird_cluster
204350,cluster_1,weird_cluster
46620,cluster_1,weird_cluster
204062,cluster_1,weird_cluster
308362,cluster_1,weird_cluster
716908,cluster_1,weird_cluster
770975,cluster_1,weird_cluster
5853,cluster_1,weird_cluster
449878,cluster_1,weird_cluster
47380,cluster_1,weird_cluster
206654,cluster_1,weird_cluster
5667,cluster_1,weird_cluster
208388,cluster_1,weird_cluster
5783,cluster_1,weird_cluster
42406,cluster_1,weird_cluster
308719,cluster_1,weird_cluster
208440,cluster_1,weird_cluster
318606,cluster_1,weird_cluster
50356,cluster_1,weird_cluster
48359,cluster_1,weird_cluster
314217,cluster_1,weird_cluster
446961,cluster_1,weird_cluster
5698,cluster_1,weird_cluster
314682,cluster_1,weird_cluster
252589,cluster_1,weird_cluster
248709,cluster_1,weird_cluster
319468,cluster_1,weird_cluster
209997,cluster_1,weird_cluster
47409,cluster_1,weird_cluster
52513,cluster_1,weird_cluster
204403,cluster_1,weird_cluster
204058,cluster_1,weird_cluster
460716,cluster_1,weird_cluster
204382,cluster_1,weird_cluster
309376,cluster_1,weird_cluster
204386,cluster_1,weird_cluster
255648,cluster_1,weird_cluster
9199,cluster_1,weird_cluster
5726,cluster_1,weird_cluster
203282,cluster_1,weird_cluster
453349,cluster_1,weird_cluster
202191,cluster_1,weird_cluster
465886,cluster_1,weird_cluster
446878,cluster_1,weird_cluster
449715,cluster_1,weird_cluster
53419,cluster_1,weird_cluster
770938,cluster_1,weird_cluster
205381,cluster_1,weird_cluster
310645,cluster_1,weird_cluster
310387,cluster_1,weird_cluster
308441,cluster_1,weird_cluster
62917,cluster_1,weird_cluster
449622,cluster_1,weird_cluster
449623,cluster_1,weird_cluster
449371,cluster_1,weird_cluster
48809,cluster_1,weird_cluster
449921,cluster_1,weird_cluster
206107,cluster_1,weird_cluster
308464,cluster_1,weird_cluster
449067,cluster_1,weird_cluster
752044,cluster_1,weird_cluster
204383,cluster_1,weird_cluster
44528,cluster_1,weird_cluster
240298,cluster_1,weird_cluster
477288,cluster_1,weird_cluster
20637,cluster_1,weird_cluster
45997,cluster_1,weird_cluster
195127,cluster_1,weird_cluster
449455,cluster_1,weird_cluster
5848,cluster_1,weird_cluster
204026,cluster_1,weird_cluster
204047,cluster_1,weird_cluster
449362,cluster_1,weird_cluster
310603,cluster_1,weird_cluster
460132,cluster_1,weird_cluster
42434,cluster_1,weird_cluster
307868,cluster_1,weird_cluster
204072,cluster_1,weird_cluster
446879,cluster_1,weird_cluster
317749,cluster_1,weird_cluster
46032,cluster_1,weird_cluster
463710,cluster_1,weird_cluster
199338,cluster_1,weird_cluster
245548,cluster_1,weird_cluster
5769,cluster_1,weird_cluster
476256,cluster_1,weird_cluster
309352,cluster_1,weird_cluster
5860,cluster_1,weird_cluster
449070,cluster_1,weird_cluster
319065,cluster_1,weird_cluster
5737,cluster_1,weird_cluster
670808,cluster_1,weird_cluster
248832,cluster_1,weird_cluster
449404,cluster_1,weird_cluster
476253,cluster_1,weird_cluster
476251,cluster_1,weird_cluster
551026,cluster_1,weird_cluster
47222,cluster_1,weird_cluster
201732,cluster_1,weird_cluster
308568,cluster_1,weird_cluster
309339,cluster_1,weird_cluster
452735,cluster_1,weird_cluster
308455,cluster_1,weird_cluster
309728,cluster_1,weird_cluster
547452,cluster_1,weird_cluster
308526,cluster_1,weird_cluster
308640,cluster_1,weird_cluster
205979,cluster_1,weird_cluster
199372,cluster_1,weird_cluster
449361,cluster_1,weird_cluster
629700,cluster_1,weird_cluster
312160,cluster_1,weird_cluster
449636,cluster_1,weird_cluster
199271,cluster_1,weird_cluster
240554,cluster_1,weird_cluster
308523,cluster_1,weird_cluster
314696,cluster_1,weird_cluster
312582,cluster_1,weird_cluster
194591,cluster_1,weird_cluster
448986,cluster_1,weird_cluster
187863,cluster_1,weird_cluster
313361,cluster_1,weird_cluster
307614,cluster_1,weird_cluster
63065,cluster_1,weird_cluster
45529,cluster_1,weird_cluster
47385,cluster_1,weird_cluster
206433,cluster_1,weird_cluster
49426,cluster_1,weird_cluster
204414,cluster_1,weird_cluster
308304,cluster_1,weird_cluster
478811,cluster_1,weird_cluster
308554,cluster_1,weird_cluster
194307,cluster_1,weird_cluster
52461,cluster_1,weird_cluster
197819,cluster_2,weird_cluster
308410,cluster_2,weird_cluster
47929,cluster_2,weird_cluster
196553,cluster_2,weird_cluster
771050,cluster_2,weird_cluster
37404,cluster_2,weird_cluster
308383,cluster_2,weird_cluster
256912,cluster_2,weird_cluster
770933,cluster_2,weird_cluster
63539,cluster_2,weird_cluster
255062,cluster_2,weird_cluster
197485,cluster_2,weird_cluster
73635,cluster_2,weird_cluster
310589,cluster_2,weird_cluster
48483,cluster_2,weird_cluster
47908,cluster_2,weird_cluster
195766,cluster_2,weird_cluster
49214,cluster_2,weird_cluster
47762,cluster_2,weird_cluster
47920,cluster_2,weird_cluster
201695,cluster_2,weird_cluster
7742,cluster_2,weird_cluster
50960,cluster_2,weird_cluster
246239,cluster_2,weird_cluster
545042,cluster_2,weird_cluster
195272,cluster_2,weird_cluster
254227,cluster_2,weird_cluster
255315,cluster_2,weird_cluster
314698,cluster_2,weird_cluster
197580,cluster_2,weird_cluster
195780,cluster_2,weird_cluster
251104,cluster_2,weird_cluster
309354,cluster_2,weird_cluster
232384,cluster_2,weird_cluster
309327,cluster_2,weird_cluster
203297,cluster_2,weird_cluster
194243,cluster_2,weird_cluster
191218,cluster_2,weird_cluster
460715,cluster_2,weird_cluster
475760,cluster_2,weird_cluster
770920,cluster_2,weird_cluster
194967,cluster_2,weird_cluster
42290,cluster_2,weird_cluster
452920,cluster_2,weird_cluster
47353,cluster_2,weird_cluster
206742,cluster_2,weird_cluster
37407,cluster_2,weird_cluster
47724,cluster_2,weird_cluster
194395,cluster_2,weird_cluster
449426,cluster_2,weird_cluster
207404,cluster_2,weird_cluster
309388,cluster_2,weird_cluster
52517,cluster_2,weird_cluster
771052,cluster_2,weird_cluster
475759,cluster_2,weird_cluster
460179,cluster_2,weird_cluster
203378,cluster_2,weird_cluster
460178,cluster_2,weird_cluster
252556,cluster_2,weird_cluster
50314,cluster_2,weird_cluster
195041,cluster_2,weird_cluster
309367,cluster_2,weird_cluster
449116,cluster_2,weird_cluster
451993,cluster_2,weird_cluster
194279,cluster_2,weird_cluster
310594,cluster_2,weird_cluster
254923,cluster_2,weird_cluster
446900,cluster_2,weird_cluster
308415,cluster_2,weird_cluster
254428,cluster_2,weird_cluster
45904,cluster_2,weird_cluster
196343,cluster_2,weird_cluster
891616,cluster_2,weird_cluster
202124,cluster_2,weird_cluster
310384,cluster_2,weird_cluster
201610,cluster_2,weird_cluster
477277,cluster_2,weird_cluster
9506,cluster_2,weird_cluster
195302,cluster_2,weird_cluster
314695,cluster_2,weird_cluster
451834,cluster_2,weird_cluster
191142,cluster_2,weird_cluster
205324,cluster_2,weird_cluster
205325,cluster_2,weird_cluster
310466,cluster_2,weird_cluster
891620,cluster_2,weird_cluster
202192,cluster_2,weird_cluster
202171,cluster_2,weird_cluster
206454,cluster_2,weird_cluster
194230,cluster_2,weird_cluster
308417,cluster_2,weird_cluster
47665,cluster_2,weird_cluster
205973,cluster_2,weird_cluster
199569,cluster_2,weird_cluster
5850,cluster_2,weird_cluster
16298,cluster_2,weird_cluster
206073,cluster_2,weird_cluster
460177,cluster_2,weird_cluster
203377,cluster_2,weird_cluster
52568,cluster_2,weird_cluster
187805,cluster_2,weird_cluster
857949,cluster_2,weird_cluster
185901,cluster_2,weird_cluster
308561,cluster_2,weird_cluster
315678,cluster_2,weird_cluster
309713,cluster_2,weird_cluster
199261,cluster_2,weird_cluster
307474,cluster_2,weird_cluster
195775,cluster_2,weird_cluster
199285,cluster_2,weird_cluster
308532,cluster_2,weird_cluster
47566,cluster_2,weird_cluster
309356,cluster_2,weird_cluster
251763,cluster_2,weird_cluster
192014,cluster_2,weird_cluster
309364,cluster_2,weird_cluster
46695,cluster_2,weird_cluster
309363,cluster_2,weird_cluster
309482,cluster_2,weird_cluster
308423,cluster_2,weird_cluster
309346,cluster_2,weird_cluster
52069,cluster_2,weird_cluster
458261,cluster_3,core
47686,cluster_3,core
50777,cluster_3,core
48698,cluster_3,core
48424,cluster_3,core
47527,cluster_3,core
51206,cluster_3,core
37557,cluster_3,core
47959,cluster_3,core
46687,cluster_3,core
48653,cluster_3,core
46755,cluster_3,core
62547,cluster_3,core
451619,cluster_3,core
47253,cluster_3,core
50211,cluster_3,core
62611,cluster_3,core
62615,cluster_3,core
479830,cluster_3,core
49914,cluster_3,core
63135,cluster_3,core
47534,cluster_3,core
42307,cluster_3,core
46704,cluster_3,core
42486,cluster_3,core
46157,cluster_3,core
190649,cluster_3,core
47958,cluster_3,core
42011,cluster_3,core
51218,cluster_3,core
47443,cluster_3,core
47350,cluster_3,core
62706,cluster_3,core
53777,cluster_3,core
46667,cluster_3,core
51359,cluster_3,core
47053,cluster_3,core
47896,cluster_3,core
47404,cluster_3,core
42305,cluster_3,core
47681,cluster_3,core
770977,cluster_3,core
46675,cluster_3,core
547504,cluster_3,core
448441,cluster_3,core
48562,cluster_3,core
48335,cluster_3,core
770916,cluster_3,core
42242,cluster_3,core
47897,cluster_3,core
201753,cluster_3,core
75938,cluster_3,core
46000,cluster_3,core
47049,cluster_3,core
450942,cluster_3,core
47282,cluster_3,core
52662,cluster_3,core
48644,cluster_3,core
450940,cluster_3,core
471756,cluster_3,core
451362,cluster_3,core
479662,cluster_3,core
46515,cluster_3,core
52939,cluster_3,core
204514,cluster_3,core
48775,cluster_3,core
62768,cluster_3,core
194960,cluster_3,core
50332,cluster_3,core
572220,cluster_3,core
42306,cluster_3,core
46126,cluster_3,core
48604,cluster_3,core
46533,cluster_3,core
63093,cluster_3,core
47401,cluster_3,core
46529,cluster_3,core
48369,cluster_3,core
823194,cluster_3,core
46718,cluster_3,core
62555,cluster_3,core
42278,cluster_3,core
208397,cluster_3,core
52021,cluster_3,core
48395,cluster_3,core
47589,cluster_3,core
42228,cluster_3,core
42248,cluster_3,core
73676,cluster_3,core
46686,cluster_3,core
62616,cluster_3,core
46143,cluster_3,core
47510,cluster_3,core
48544,cluster_3,core
46872,cluster_3,core
451363,cluster_3,core
62710,cluster_3,core
51025,cluster_3,core
47367,cluster_3,core
48390,cluster_3,core
39590,cluster_3,core
42439,cluster_3,core
49206,cluster_3,core
52039,cluster_3,core
239357,cluster_3,core
9336,cluster_3,core
48462,cluster_3,core
471757,cluster_3,core
47407,cluster_3,core
468168,cluster_3,core
47625,cluster_3,core
51210,cluster_3,core
201408,cluster_3,core
42740,cluster_3,core
770974,cluster_3,core
47292,cluster_3,core
52960,cluster_3,core
51130,cluster_3,core
771024,cluster_3,core
46532,cluster_3,core
48552,cluster_3,core
239359,cluster_3,core
42200,cluster_3,core
199726,cluster_3,core
48626,cluster_3,core
57404,cluster_3,core
46871,cluster_3,core
50944,cluster_3,core
471749,cluster_3,core
48332,cluster_3,core
51008,cluster_3,core
42474,cluster_3,core
61634,cluster_3,core
46534,cluster_3,core
42368,cluster_3,core
48314,cluster_3,core
460138,cluster_3,core
467959,cluster_3,core
48570,cluster_3,core
63131,cluster_3,core
50502,cluster_3,core
63132,cluster_3,core
460226,cluster_3,core
188541,cluster_3,core
449481,cluster_3,core
50906,cluster_3,core
47770,cluster_3,core
37443,cluster_3,core
62692,cluster_3,core
449508,cluster_3,core
46548,cluster_3,core
51020,cluster_3,core
446841,cluster_3,core
50737,cluster_3,core
50819,cluster_3,core
195021,cluster_3,core
188753,cluster_3,core
46924,cluster_3,core
42309,cluster_3,core
46986,cluster_3,core
310209,cluster_3,core
63141,cluster_3,core
47890,cluster_3,core
62550,cluster_3,core
63090,cluster_3,core
46158,cluster_3,core
47429,cluster_3,core
49268,cluster_3,core
46519,cluster_3,core
63101,cluster_3,core
450943,cluster_3,core
465876,cluster_3,core
466231,cluster_3,core
47402,cluster_3,core
45985,cluster_3,core
47942,cluster_3,core
46545,cluster_3,core
48310,cluster_3,core
447678,cluster_3,core
460227,cluster_3,core
46674,cluster_3,core
330104,cluster_3,core
194392,cluster_3,core
314524,cluster_3,core
463529,cluster_3,core
467958,cluster_3,core
828462,cluster_3,core
48338,cluster_3,core
239486,cluster_3,core
53961,cluster_3,core
49267,cluster_3,core
46553,cluster_3,core
47883,cluster_3,core
205470,cluster_3,core
62546,cluster_3,core
197219,cluster_3,core
52780,cluster_3,core
50230,cluster_3,core
47688,cluster_3,core
52813,cluster_3,core
197220,cluster_3,core
48312,cluster_3,core
448686,cluster_3,core
62761,cluster_3,core
48267,cluster_3,core
63129,cluster_3,core
47455,cluster_3,core
57357,cluster_3,core
62916,cluster_3,core
475758,cluster_3,core
47313,cluster_3,core
200892,cluster_3,core
48334,cluster_3,core
57403,cluster_3,core
46055,cluster_3,core
46422,cluster_3,core
51142,cluster_3,core
463085,cluster_3,core
460182,cluster_3,core
47950,cluster_3,core
42301,cluster_3,core
47723,cluster_3,core
46730,cluster_3,core
468169,cluster_3,core
46306,cluster_3,core
47320,cluster_3,core
449686,cluster_3,core
187794,cluster_3,core
198941,cluster_3,core
48333,cluster_3,core
449507,cluster_3,core
48855,cluster_3,core
708306,cluster_3,core
52797,cluster_3,core
62558,cluster_3,core
62541,cluster_3,core
46642,cluster_3,core
63140,cluster_3,core
47257,cluster_3,core
191779,cluster_3,core
463707,cluster_3,core
460278,cluster_3,core
42476,cluster_3,core
57355,cluster_3,core
46898,cluster_3,core
549136,cluster_3,core
770951,cluster_3,core
239498,cluster_3,core
42226,cluster_3,core
451364,cluster_3,core
450930,cluster_3,core
46379,cluster_3,core
308563,cluster_3,core
47256,cluster_3,core
51023,cluster_3,core
487245,cluster_3,core
448967,cluster_3,core
468526,cluster_3,core
63088,cluster_3,core
47807,cluster_3,core
42190,cluster_3,core
62711,cluster_3,core
471753,cluster_3,core
471754,cluster_3,core
57406,cluster_3,core
449925,cluster_3,core
63020,cluster_3,core
450941,cluster_3,core
254346,cluster_3,core
45917,cluster_3,core
51014,cluster_3,core
310197,cluster_3,core
46627,cluster_3,core
48340,cluster_3,core
3463,cluster_3,core
465888,cluster_3,core
46543,cluster_3,core
46527,cluster_3,core
46462,cluster_3,core
667252,cluster_3,core
48309,cluster_3,core
315038,cluster_3,core
449870,cluster_3,core
254345,cluster_3,core
448695,cluster_3,core
199745,cluster_3,core
195741,cluster_3,core
318291,cluster_3,core
239354,cluster_3,core
451365,cluster_3,core
451361,cluster_3,core
46140,cluster_3,core
76114,cluster_3,core
52777,cluster_3,core
460183,cluster_3,core
50722,cluster_3,core
197222,cluster_3,core
57358,cluster_3,core
453996,cluster_3,core
45837,cluster_3,core
37433,cluster_3,core
314523,cluster_3,core
478436,cluster_3,core
239499,cluster_3,core
187854,cluster_3,core
240489,cluster_3,core
187829,cluster_3,core
190547,cluster_3,core
45872,cluster_3,core
63096,cluster_3,core
45907,cluster_3,core
238560,cluster_3,core
46727,cluster_3,core
447286,cluster_3,core
476296,cluster_3,core
45864,cluster_3,core
456054,cluster_3,core
551844,cluster_3,core
49833,cluster_3,core
52014,cluster_3,core
558198,cluster_3,core
451880,cluster_3,core
194479,cluster_3,core
770931,cluster_3,core
309496,cluster_3,core
187702,cluster_3,core
9246,cluster_3,core
52732,cluster_3,core
254634,cluster_3,core
62765,cluster_3,core
208083,cluster_3,core
47216,cluster_3,core
47869,cluster_3,core
47626,cluster_3,core
44974,cluster_3,core
187828,cluster_3,core
46757,cluster_3,core
48577,cluster_3,core
448448,cluster_3,core
47621,cluster_3,core
48650,cluster_3,core
208279,cluster_3,core
200886,cluster_3,core
194586,cluster_3,core
47945,cluster_3,core
52064,cluster_3,core
46562,cluster_3,core
49909,cluster_3,core
48639,cluster_3,core
46636,cluster_3,core
47755,cluster_3,core
460270,cluster_3,core
448981,cluster_3,core
449913,cluster_3,core
194261,cluster_3,core
255627,cluster_3,core
7740,cluster_3,core
45848,cluster_3,core
46076,cluster_3,core
47682,cluster_3,core
206319,cluster_3,core
188633,cluster_3,core
475755,cluster_3,core
206318,cluster_3,core
190657,cluster_3,core
254561,cluster_3,core
449399,cluster_3,core
244817,cluster_3,core
194608,cluster_3,core
240009,cluster_3,core
63007,cluster_3,core
667259,cluster_3,core
206796,cluster_3,core
551845,cluster_3,core
52767,cluster_3,core
307869,cluster_3,core
449400,cluster_3,core
308412,cluster_3,core
546034,cluster_3,core
449081,cluster_3,core
46523,cluster_3,core
770970,cluster_3,core
48579,cluster_3,core
254983,cluster_3,core
770942,cluster_3,core
47412,cluster_3,core
51012,cluster_3,core
466283,cluster_3,core
52298,cluster_3,core
53628,cluster_3,core
45847,cluster_3,core
449884,cluster_3,core
206393,cluster_3,core
204844,cluster_3,core
196741,cluster_3,core
558204,cluster_3,core
475752,cluster_3,core
197224,cluster_3,core
46099,cluster_3,core
478667,cluster_3,core
46725,cluster_3,core
47108,cluster_3,core
47915,cluster_3,core
49262,cluster_3,core
460279,cluster_3,core
662967,cluster_3,core
466230,cluster_3,core
198778,cluster_3,core
247952,cluster_3,core
449066,cluster_3,core
46528,cluster_3,core
254633,cluster_3,core
770925,cluster_3,core
197223,cluster_3,core
253173,cluster_3,core
204524,cluster_3,core
46991,cluster_3,core
449422,cluster_3,core
46987,cluster_3,core
254551,cluster_3,core
50335,cluster_3,core
46985,cluster_3,core
451707,cluster_3,core
252496,cluster_3,core
240817,cluster_3,core
451881,cluster_3,core
460134,cluster_3,core
42447,cluster_3,core
47092,cluster_3,core
449902,cluster_3,core
48677,cluster_3,core
48351,cluster_3,core
450747,cluster_3,core
251100,cluster_3,core
308560,cluster_3,core
46092,cluster_3,core
319800,cluster_3,core
254881,cluster_3,core
247315,cluster_3,core
449634,cluster_3,core
62995,cluster_3,core
449117,cluster_3,core
449363,cluster_3,core
476254,cluster_3,core
444898,cluster_3,core
194380,cluster_3,core
465880,cluster_3,core
463530,cluster_3,core
247216,cluster_3,core
308381,cluster_3,core
248096,cluster_3,core
309335,cluster_3,core
308540,cluster_3,core
551028,cluster_3,core
47948,cluster_3,core
45834,cluster_3,core
19071,cluster_3,core
204671,cluster_3,core
452610,cluster_3,core
247308,cluster_3,core
210750,cluster_3,core
309494,cluster_3,core
194390,cluster_3,core
195273,cluster_3,core
451621,cluster_3,core
244759,cluster_3,core
254303,cluster_3,core
202215,cluster_3,core
254880,cluster_3,core
240016,cluster_3,core
468400,cluster_3,core
460264,cluster_3,core
246241,cluster_3,core
63099,cluster_3,core
468381,cluster_3,core
460271,cluster_3,core
201758,cluster_3,core
240351,cluster_3,core
309337,cluster_3,core
447279,cluster_3,core
194961,cluster_3,core
198974,cluster_3,core
52659,cluster_3,core
449509,cluster_3,core
476264,cluster_3,core
308886,cluster_3,core
449637,cluster_3,core
471836,cluster_3,core
47619,cluster_3,core
450944,cluster_3,core
245556,cluster_3,core
460135,cluster_3,core
310199,cluster_3,core
194383,cluster_3,core
240566,cluster_3,core
198973,cluster_3,core
476271,cluster_3,core
771041,cluster_3,core
477291,cluster_3,core
191733,cluster_3,core
460131,cluster_3,core
244778,cluster_3,core
449428,cluster_3,core
48841,cluster_3,core
240333,cluster_3,core
254778,cluster_3,core
255719,cluster_3,core
239364,cluster_3,core
771034,cluster_3,core
454610,cluster_3,core
247191,cluster_3,core
450946,cluster_3,core
48316,cluster_3,core
463554,cluster_3,core
193084,cluster_3,core
310205,cluster_3,core
770969,cluster_3,core
207745,cluster_3,core
316886,cluster_3,core
487350,cluster_3,core
450945,cluster_3,core
468398,cluster_3,core
208245,cluster_3,core
308456,cluster_3,core
46719,cluster_3,core
208040,cluster_3,core
208001,cluster_3,core
251402,cluster_3,core
471799,cluster_3,core
240065,cluster_3,core
453457,cluster_3,core
309499,cluster_3,core
187750,cluster_3,core
258464,cluster_3,core
251134,cluster_3,core
771031,cluster_3,core
468391,cluster_3,core
478988,cluster_3,core
47947,cluster_3,core
207850,cluster_3,core
240335,cluster_3,core
204753,cluster_3,core
204084,cluster_3,core
14828,cluster_3,core
747034,cluster_3,core
308884,cluster_3,core
245574,cluster_3,core
254629,cluster_3,core
475749,cluster_3,core
552190,cluster_3,core
49553,cluster_3,core
254616,cluster_3,core
52720,cluster_3,core
47785,cluster_3,core
460272,cluster_3,core
240332,cluster_3,core
448557,cluster_3,core
255193,cluster_3,core
48129,cluster_3,core
47757,cluster_3,core
449640,cluster_3,core
309333,cluster_3,core
8048,cluster_3,core
194472,cluster_3,core
451338,cluster_3,core
668677,cluster_3,core
309498,cluster_3,core
49905,cluster_3,core
314699,cluster_3,core
47283,cluster_3,core
551843,cluster_3,core
195774,cluster_3,core
451429,cluster_3,core
46130,cluster_3,core
246169,cluster_3,core
552174,cluster_3,core
251345,cluster_3,core
197571,cluster_3,core
188563,cluster_3,core
460665,cluster_3,core
203298,cluster_3,core
254915,cluster_3,core
47870,cluster_3,core
315155,cluster_3,core
447070,cluster_3,core
194287,cluster_3,core
199181,cluster_3,core
309366,cluster_3,core
48679,cluster_3,core
246939,cluster_3,core
444888,cluster_3,core
247348,cluster_3,core
460168,cluster_3,core
52719,cluster_3,core
460187,cluster_3,core
314679,cluster_3,core
244862,cluster_3,core
48727,cluster_3,core
255894,cluster_3,core
254545,cluster_3,core
197605,cluster_3,core
476266,cluster_3,core
314678,cluster_3,core
194301,cluster_3,core
45849,cluster_3,core
248515,cluster_3,core
308539,cluster_3,core
191344,cluster_3,core
48689,cluster_3,core
912990,cluster_3,core
770973,cluster_3,core
771030,cluster_3,core
312629,cluster_3,core
48507,cluster_3,core
5762,cluster_3,core
245598,cluster_3,core
200873,cluster_3,core
208542,cluster_3,core
39589,cluster_3,core
204396,cluster_3,core
309378,cluster_3,core
447185,cluster_3,core
197558,cluster_3,core
52807,cluster_3,core
199238,cluster_3,core
48801,cluster_3,core
246223,cluster_3,core
449748,cluster_3,core
199515,cluster_3,core
254932,cluster_3,core
460180,cluster_3,core
51217,cluster_3,core
910532,cluster_3,core
195013,cluster_3,core
48664,cluster_4,core
42414,cluster_4,core
47075,cluster_4,core
42477,cluster_4,core
46131,cluster_4,core
47497,cluster_4,core
53944,cluster_4,core
50568,cluster_4,core
190732,cluster_4,core
52400,cluster_4,core
199582,cluster_4,core
47439,cluster_4,core
51067,cluster_4,core
44743,cluster_4,core
48286,cluster_4,core
45929,cluster_4,core
42490,cluster_4,core
46147,cluster_4,core
49215,cluster_4,core
48564,cluster_4,core
50726,cluster_4,core
38546,cluster_4,core
42491,cluster_4,core
50033,cluster_4,core
50328,cluster_4,core
461218,cluster_4,core
454766,cluster_4,core
48204,cluster_4,core
46547,cluster_4,core
46560,cluster_4,core
47440,cluster_4,core
46666,cluster_4,core
46831,cluster_4,core
49305,cluster_4,core
48387,cluster_4,core
46623,cluster_4,core
42415,cluster_4,core
53901,cluster_4,core
46714,cluster_4,core
46559,cluster_4,core
57438,cluster_4,core
48331,cluster_4,core
52908,cluster_4,core
206914,cluster_4,core
444893,cluster_4,core
50880,cluster_4,core
47215,cluster_4,core
52971,cluster_4,core
47809,cluster_4,core
46566,cluster_4,core
47530,cluster_4,core
52397,cluster_4,core
48305,cluster_4,core
46590,cluster_4,core
46530,cluster_4,core
47575,cluster_4,core
49855,cluster_4,core
46022,cluster_4,core
42237,cluster_4,core
47927,cluster_4,core
42216,cluster_4,core
50815,cluster_4,core
42265,cluster_4,core
199559,cluster_4,core
46779,cluster_4,core
46921,cluster_4,core
45992,cluster_4,core
444516,cluster_4,core
50524,cluster_4,core
57489,cluster_4,core
50187,cluster_4,core
50357,cluster_4,core
63550,cluster_4,core
46631,cluster_4,core
46937,cluster_4,core
204090,cluster_4,core
52945,cluster_4,core
191213,cluster_4,core
446652,cluster_4,core
52943,cluster_4,core
46542,cluster_4,core
51002,cluster_4,core
46146,cluster_4,core
46124,cluster_4,core
47433,cluster_4,core
51106,cluster_4,core
48594,cluster_4,core
20076,cluster_4,core
52017,cluster_4,core
9752,cluster_4,core
50463,cluster_4,core
51064,cluster_4,core
46522,cluster_4,core
46639,cluster_4,core
444948,cluster_4,core
50548,cluster_4,core
48280,cluster_4,core
62627,cluster_4,core
73366,cluster_4,core
48202,cluster_4,core
450480,cluster_4,core
46955,cluster_4,core
47556,cluster_4,core
46156,cluster_4,core
46160,cluster_4,core
48284,cluster_4,core
74243,cluster_4,core
47183,cluster_4,core
448430,cluster_4,core
47173,cluster_4,core
48647,cluster_4,core
46149,cluster_4,core
46555,cluster_4,core
48304,cluster_4,core
48343,cluster_4,core
47029,cluster_4,core
48702,cluster_4,core
53798,cluster_4,core
48666,cluster_4,core
667257,cluster_4,core
51027,cluster_4,core
460185,cluster_4,core
47633,cluster_4,core
46081,cluster_4,core
667264,cluster_4,core
52305,cluster_4,core
46162,cluster_4,core
52224,cluster_4,core
46712,cluster_4,core
50881,cluster_4,core
42358,cluster_4,core
51179,cluster_4,core
446654,cluster_4,core
46003,cluster_4,core
46155,cluster_4,core
47558,cluster_4,core
46154,cluster_4,core
52436,cluster_4,core
47873,cluster_4,core
46142,cluster_4,core
47347,cluster_4,core
48228,cluster_4,core
62533,cluster_4,core
48088,cluster_4,core
52978,cluster_4,core
46558,cluster_4,core
52304,cluster_4,core
44447,cluster_4,core
444496,cluster_4,core
48572,cluster_4,core
50952,cluster_4,core
47577,cluster_4,core
50192,cluster_4,core
45998,cluster_4,core
46897,cluster_4,core
45915,cluster_4,core
39484,cluster_4,core
52401,cluster_4,core
45732,cluster_4,core
48339,cluster_4,core
50884,cluster_4,core
53956,cluster_4,core
62867,cluster_4,core
46978,cluster_4,core
460664,cluster_4,core
50921,cluster_4,core
50773,cluster_4,core
770961,cluster_4,core
62792,cluster_4,core
46057,cluster_4,core
48602,cluster_4,core
42450,cluster_4,core
37450,cluster_4,core
48646,cluster_4,core
46144,cluster_4,core
461497,cluster_4,core
308507,cluster_4,core
715459,cluster_4,core
46713,cluster_4,core
42204,cluster_4,core
461222,cluster_4,core
50020,cluster_4,core
444508,cluster_4,core
48663,cluster_4,core
47398,cluster_4,core
46121,cluster_4,core
47305,cluster_4,core
46637,cluster_4,core
48717,cluster_4,core
62630,cluster_4,core
46380,cluster_4,core
48800,cluster_4,core
47722,cluster_4,core
47472,cluster_4,core
52930,cluster_4,core
50981,cluster_4,core
47334,cluster_4,core
47505,cluster_4,core
46634,cluster_4,core
62528,cluster_4,core
52804,cluster_4,core
47384,cluster_4,core
46946,cluster_4,core
451840,cluster_4,core
46836,cluster_4,core
9202,cluster_4,core
46563,cluster_4,core
461503,cluster_4,core
44749,cluster_4,core
46865,cluster_4,core
42353,cluster_4,core
46748,cluster_4,core
50692,cluster_4,core
50338,cluster_4,core
48571,cluster_4,core
206629,cluster_4,core
47060,cluster_4,core
47990,cluster_4,core
460184,cluster_4,core
199461,cluster_4,core
46569,cluster_4,core
52681,cluster_4,core
48716,cluster_4,core
46021,cluster_4,core
667256,cluster_4,core
51000,cluster_4,core
47388,cluster_4,core
45930,cluster_4,core
444478,cluster_4,core
670806,cluster_4,core
47573,cluster_4,core
49323,cluster_4,core
308528,cluster_4,core
48714,cluster_4,core
48713,cluster_4,core
50026,cluster_4,core
48489,cluster_4,core
52906,cluster_4,core
48645,cluster_4,core
452084,cluster_4,core
48625,cluster_4,core
47988,cluster_4,core
46863,cluster_4,core
446695,cluster_4,core
49189,cluster_4,core
446997,cluster_4,core
448429,cluster_4,core
46435,cluster_4,core
231832,cluster_4,core
208035,cluster_4,core
46948,cluster_4,core
51168,cluster_4,core
47853,cluster_4,core
46614,cluster_4,core
208546,cluster_4,core
50908,cluster_4,core
42212,cluster_4,core
444507,cluster_4,core
42337,cluster_4,core
50350,cluster_4,core
206025,cluster_4,core
42336,cluster_4,core
51001,cluster_4,core
48758,cluster_4,core
47647,cluster_4,core
52029,cluster_4,core
46378,cluster_4,core
45937,cluster_4,core
46943,cluster_4,core
46501,cluster_4,core
39521,cluster_4,core
48636,cluster_4,core
52682,cluster_4,core
51247,cluster_4,core
308386,cluster_4,core
47089,cluster_4,core
46927,cluster_4,core
48156,cluster_4,core
52055,cluster_4,core
444488,cluster_4,core
51133,cluster_4,core
667258,cluster_4,core
46024,cluster_4,core
451878,cluster_4,core
63035,cluster_4,core
48703,cluster_4,core
192800,cluster_4,core
48306,cluster_4,core
41076,cluster_4,core
48560,cluster_4,core
57488,cluster_4,core
51041,cluster_4,core
246571,cluster_4,core
446653,cluster_4,core
192802,cluster_4,core
46928,cluster_4,core
46556,cluster_4,core
46815,cluster_4,core
52061,cluster_4,core
47804,cluster_4,core
51056,cluster_4,core
52036,cluster_4,core
46040,cluster_4,core
57400,cluster_4,core
52214,cluster_4,core
45909,cluster_4,core
706069,cluster_4,core
196360,cluster_4,core
206024,cluster_4,core
46330,cluster_4,core
47866,cluster_4,core
196361,cluster_4,core
45932,cluster_4,core
197829,cluster_4,core
309138,cluster_4,core
48635,cluster_4,core
47659,cluster_4,core
9242,cluster_4,core
51192,cluster_4,core
670807,cluster_4,core
48324,cluster_4,core
52056,cluster_4,core
44793,cluster_4,core
448394,cluster_4,core
51224,cluster_4,core
47389,cluster_4,core
42213,cluster_4,core
46959,cluster_4,core
50963,cluster_4,core
47394,cluster_4,core
48768,cluster_4,core
42211,cluster_4,core
47473,cluster_4,core
444497,cluster_4,core
52065,cluster_4,core
771046,cluster_4,core
47792,cluster_4,core
52018,cluster_4,core
51019,cluster_4,core
47574,cluster_4,core
200891,cluster_4,core
42427,cluster_4,core
52043,cluster_4,core
42232,cluster_4,core
52921,cluster_4,core
48596,cluster_4,core
444517,cluster_4,core
205335,cluster_4,core
444495,cluster_4,core
57366,cluster_4,core
208243,cluster_4,core
47495,cluster_4,core
57365,cluster_4,core
444463,cluster_4,core
46640,cluster_4,core
46940,cluster_4,core
48631,cluster_4,core
52907,cluster_4,core
46935,cluster_4,core
49295,cluster_4,core
51011,cluster_4,core
42397,cluster_4,core
46932,cluster_4,core
451434,cluster_4,core
52046,cluster_4,core
42424,cluster_4,core
50235,cluster_4,core
50329,cluster_4,core
50783,cluster_4,core
48086,cluster_4,core
46137,cluster_4,core
47373,cluster_4,core
46918,cluster_4,core
62668,cluster_4,core
48616,cluster_4,core
46570,cluster_4,core
197515,cluster_4,core
314680,cluster_4,core
42355,cluster_4,core
48203,cluster_4,core
46541,cluster_4,core
48706,cluster_4,core
445268,cluster_4,core
47254,cluster_4,core
246560,cluster_4,core
308408,cluster_4,core
240727,cluster_4,core
47432,cluster_4,core
48096,cluster_4,core
447171,cluster_4,core
848434,cluster_4,core
46665,cluster_4,core
46947,cluster_4,core
446976,cluster_4,core
48222,cluster_4,core
447159,cluster_4,core
48278,cluster_4,core
47780,cluster_4,core
42246,cluster_4,core
309442,cluster_4,core
46938,cluster_4,core
47635,cluster_4,core
46799,cluster_4,core
48641,cluster_4,core
52022,cluster_4,core
47307,cluster_4,core
623500,cluster_4,core
46518,cluster_4,core
57362,cluster_4,core
51018,cluster_4,core
451740,cluster_4,core
48516,cluster_4,core
49319,cluster_4,core
199337,cluster_4,core
848435,cluster_4,core
308527,cluster_4,core
47483,cluster_4,core
47680,cluster_4,core
208029,cluster_4,core
194228,cluster_4,core
444873,cluster_4,core
49915,cluster_4,core
42551,cluster_4,core
46673,cluster_4,core
208421,cluster_4,core
51138,cluster_4,core
47336,cluster_4,core
330015,cluster_4,core
203192,cluster_4,core
46568,cluster_4,core
308518,cluster_4,core
460984,cluster_4,core
203257,cluster_4,core
207990,cluster_4,core
47725,cluster_4,core
310192,cluster_4,core
48173,cluster_4,core
46567,cluster_4,core
47638,cluster_4,core
3563,cluster_4,core
232205,cluster_4,core
48633,cluster_4,core
313304,cluster_4,core
199466,cluster_4,core
46796,cluster_4,core
42208,cluster_4,core
255333,cluster_4,core
9284,cluster_4,core
46693,cluster_4,core
308530,cluster_4,core
62529,cluster_4,core
308508,cluster_4,core
48852,cluster_4,core
50043,cluster_4,core
42217,cluster_4,core
49857,cluster_4,core
41753,cluster_4,core
240474,cluster_4,core
52066,cluster_4,core
310716,cluster_4,core
51017,cluster_4,core
46791,cluster_4,core
46478,cluster_4,core
207123,cluster_4,core
308512,cluster_4,core
47989,cluster_4,core
48844,cluster_4,core
196359,cluster_4,core
49825,cluster_4,core
47634,cluster_4,core
770979,cluster_4,core
451946,cluster_4,core
451200,cluster_4,core
47065,cluster_4,core
205326,cluster_4,core
250550,cluster_4,core
309301,cluster_4,core
310652,cluster_4,core
45919,cluster_4,core
244828,cluster_4,core
199348,cluster_4,core
254307,cluster_4,core
314859,cluster_4,core
201752,cluster_4,core
46654,cluster_4,core
48634,cluster_4,core
308516,cluster_4,core
310193,cluster_4,core
205328,cluster_4,core
199334,cluster_4,core
42202,cluster_4,core
195501,cluster_4,core
454767,cluster_4,core
309510,cluster_4,core
48128,cluster_4,core
205832,cluster_4,core
208140,cluster_4,core
309441,cluster_4,core
62909,cluster_4,core
309438,cluster_4,core
197233,cluster_4,core
48482,cluster_4,core
20730,cluster_4,core
309436,cluster_4,core
46557,cluster_4,core
309439,cluster_4,core
308883,cluster_4,core
50938,cluster_4,core
308510,cluster_4,core
240634,cluster_4,core
47696,cluster_4,core
309443,cluster_4,core
871928,cluster_4,core
546986,cluster_4,core
195500,cluster_4,core
47811,cluster_4,core
451879,cluster_4,core
13455,cluster_4,core
62527,cluster_4,core
42326,cluster_4,core
206142,cluster_4,core
37558,cluster_4,core
46554,cluster_4,core
47157,cluster_4,core
312161,cluster_4,core
313286,cluster_4,core
255316,cluster_4,core
307472,cluster_4,core
51222,cluster_5,core
47006,cluster_5,core
48216,cluster_5,core
42313,cluster_5,core
62998,cluster_5,core
47119,cluster_5,core
199731,cluster_5,core
240256,cluster_5,core
42308,cluster_5,core
197824,cluster_5,core
62545,cluster_5,core
62613,cluster_5,core
310218,cluster_5,core
42378,cluster_5,core
771019,cluster_5,core
46008,cluster_5,core
449335,cluster_5,core
771065,cluster_5,core
239990,cluster_5,core
188534,cluster_5,core
771022,cluster_5,core
770946,cluster_5,core
247235,cluster_5,core
308584,cluster_5,core
476280,cluster_5,core
63329,cluster_5,core
445301,cluster_5,core
39510,cluster_5,core
476257,cluster_5,core
770913,cluster_5,core
199132,cluster_5,core
771026,cluster_5,core
770939,cluster_5,core
308347,cluster_5,core
52778,cluster_5,core
771028,cluster_5,core
770959,cluster_5,core
240926,cluster_5,core
446902,cluster_5,core
851661,cluster_5,core
447464,cluster_5,core
451349,cluster_5,core
770914,cluster_5,core
37478,cluster_5,core
240129,cluster_5,core
47678,cluster_5,core
205936,cluster_5,core
251128,cluster_5,core
52067,cluster_5,core
62772,cluster_5,core
72324,cluster_5,core
451635,cluster_5,core
308588,cluster_5,core
46276,cluster_5,core
188535,cluster_5,core
771067,cluster_5,core
47077,cluster_5,core
46074,cluster_5,core
461224,cluster_5,core
770934,cluster_5,core
47693,cluster_5,core
251260,cluster_5,core
448432,cluster_5,core
446909,cluster_5,core
477281,cluster_5,core
63094,cluster_5,core
477748,cluster_5,core
48467,cluster_5,core
314626,cluster_5,core
46746,cluster_5,core
48052,cluster_5,core
45970,cluster_5,core
62636,cluster_5,core
47234,cluster_5,core
47679,cluster_5,core
46893,cluster_5,core
47691,cluster_5,core
477275,cluster_5,core
42436,cluster_5,core
487206,cluster_5,core
62715,cluster_5,core
47332,cluster_5,core
50919,cluster_5,core
453896,cluster_5,core
853841,cluster_5,core
37496,cluster_5,core
47582,cluster_5,core
63126,cluster_5,core
771029,cluster_5,core
62877,cluster_5,core
49248,cluster_5,core
62702,cluster_5,core
190647,cluster_5,core
771045,cluster_5,core
47821,cluster_5,core
50536,cluster_5,core
308301,cluster_5,core
49559,cluster_5,core
192034,cluster_5,core
487292,cluster_5,core
205100,cluster_5,core
449916,cluster_5,core
477278,cluster_5,core
46920,cluster_5,core
49903,cluster_5,core
771021,cluster_5,core
194963,cluster_5,core
308622,cluster_5,core
308425,cluster_5,core
46105,cluster_5,core
63125,cluster_5,core
444485,cluster_5,core
309444,cluster_5,core
46025,cluster_5,core
49356,cluster_5,core
46619,cluster_5,core
240048,cluster_5,core
42215,cluster_5,core
46535,cluster_5,core
44637,cluster_5,core
46586,cluster_5,core
475751,cluster_5,core
197612,cluster_5,core
48017,cluster_5,core
37475,cluster_5,core
193020,cluster_5,core
46077,cluster_5,core
47117,cluster_5,core
46030,cluster_5,core
463559,cluster_5,core
308426,cluster_5,core
449086,cluster_5,core
308424,cluster_5,core
476287,cluster_5,core
449096,cluster_5,core
446888,cluster_5,core
44738,cluster_5,core
62721,cluster_5,core
63124,cluster_5,core
47953,cluster_5,core
309492,cluster_5,core
50331,cluster_5,core
670990,cluster_5,core
46544,cluster_5,core
47316,cluster_5,core
45205,cluster_5,core
46212,cluster_5,core
37476,cluster_5,core
199534,cluster_5,core
330014,cluster_5,core
450931,cluster_5,core
63054,cluster_5,core
63102,cluster_5,core
198784,cluster_5,core
49533,cluster_5,core
37435,cluster_5,core
47259,cluster_5,core
62714,cluster_5,core
771060,cluster_5,core
446903,cluster_5,core
477276,cluster_5,core
47171,cluster_5,core
451431,cluster_5,core
52626,cluster_5,core
47944,cluster_5,core
47270,cluster_5,core
64119,cluster_5,core
38308,cluster_5,core
47091,cluster_5,core
52219,cluster_5,core
187871,cluster_5,core
51080,cluster_5,core
309445,cluster_5,core
451798,cluster_5,core
240086,cluster_5,core
446673,cluster_5,core
37563,cluster_5,core
316710,cluster_5,core
308451,cluster_5,core
48506,cluster_5,core
446840,cluster_5,core
46061,cluster_5,core
46726,cluster_5,core
39512,cluster_5,core
770952,cluster_5,core
195742,cluster_5,core
47019,cluster_5,core
47287,cluster_5,core
47364,cluster_5,core
44423,cluster_5,core
468397,cluster_5,core
46561,cluster_5,core
52794,cluster_5,core
50311,cluster_5,core
47118,cluster_5,core
474926,cluster_5,core
47258,cluster_5,core
448997,cluster_5,core
46887,cluster_5,core
44467,cluster_5,core
194590,cluster_5,core
771066,cluster_5,core
192308,cluster_5,core
771056,cluster_5,core
442902,cluster_5,core
308428,cluster_5,core
50165,cluster_5,core
308354,cluster_5,core
666591,cluster_5,core
448181,cluster_5,core
468396,cluster_5,core
195217,cluster_5,core
240140,cluster_5,core
447748,cluster_5,core
247364,cluster_5,core
309756,cluster_5,core
44817,cluster_5,core
255700,cluster_5,core
201289,cluster_5,core
39506,cluster_5,core
240287,cluster_5,core
46054,cluster_5,core
37442,cluster_5,core
449880,cluster_5,core
50971,cluster_5,core
44429,cluster_5,core
647271,cluster_5,core
465882,cluster_5,core
314636,cluster_5,core
447789,cluster_5,core
46968,cluster_5,core
451871,cluster_5,core
451352,cluster_5,core
448998,cluster_5,core
449483,cluster_5,core
188533,cluster_5,core
45979,cluster_5,core
240394,cluster_5,core
194475,cluster_5,core
240345,cluster_5,core
310215,cluster_5,core
198963,cluster_5,core
444481,cluster_5,core
51045,cluster_5,core
771072,cluster_5,core
466579,cluster_5,core
319570,cluster_5,core
45484,cluster_5,core
39511,cluster_5,core
453577,cluster_5,core
318470,cluster_5,core
47453,cluster_5,core
771035,cluster_5,core
199110,cluster_5,core
49363,cluster_5,core
240118,cluster_5,core
240145,cluster_5,core
209254,cluster_5,core
309751,cluster_5,core
446222,cluster_5,core
309730,cluster_5,core
44448,cluster_5,core
44722,cluster_5,core
52479,cluster_5,core
450459,cluster_5,core
199111,cluster_5,core
670810,cluster_5,core
47540,cluster_5,core
49135,cluster_5,core
52259,cluster_5,core
770928,cluster_5,core
771025,cluster_5,core
770953,cluster_5,core
313275,cluster_5,core
446945,cluster_5,core
200823,cluster_5,core
771061,cluster_5,core
52399,cluster_5,core
194304,cluster_5,core
44424,cluster_5,core
207776,cluster_5,core
45527,cluster_5,core
770917,cluster_5,core
50973,cluster_5,core
196601,cluster_5,core
312603,cluster_5,core
240344,cluster_5,core
465881,cluster_5,core
446845,cluster_5,core
42369,cluster_5,core
468390,cluster_5,core
477283,cluster_5,core
477280,cluster_5,core
240486,cluster_5,core
670812,cluster_5,core
207983,cluster_5,core
46192,cluster_5,core
309486,cluster_5,core
44422,cluster_5,core
448988,cluster_5,core
308718,cluster_5,core
208009,cluster_5,core
450460,cluster_5,core
63049,cluster_5,core
475754,cluster_5,core
308567,cluster_5,core
451466,cluster_5,core
314691,cluster_5,core
549140,cluster_5,core
477741,cluster_5,core
65596,cluster_5,core
251271,cluster_5,core
47591,cluster_5,core
198940,cluster_5,core
449010,cluster_5,core
316176,cluster_5,core
191583,cluster_5,core
206328,cluster_5,core
44724,cluster_5,core
240015,cluster_5,core
44728,cluster_5,core
770922,cluster_5,core
308379,cluster_5,core
206385,cluster_5,core
44725,cluster_5,core
44726,cluster_5,core
207779,cluster_5,core
44730,cluster_5,core
44428,cluster_5,core
478669,cluster_5,core
46525,cluster_5,core
453452,cluster_5,core
239561,cluster_5,core
309133,cluster_5,core
51946,cluster_5,core
449482,cluster_5,core
239987,cluster_5,core
444490,cluster_5,core
50547,cluster_5,core
202967,cluster_5,core
315677,cluster_5,core
44729,cluster_5,core
308582,cluster_5,core
63695,cluster_5,core
199532,cluster_5,core
447288,cluster_5,core
62686,cluster_5,core
44690,cluster_5,core
50830,cluster_5,core
240600,cluster_5,core
316177,cluster_5,core
770986,cluster_5,core
770932,cluster_5,core
450769,cluster_5,core
467634,cluster_5,core
200841,cluster_5,core
240070,cluster_5,core
45999,cluster_5,core
651287,cluster_5,core
50305,cluster_5,core
44421,cluster_5,core
445230,cluster_5,core
890336,cluster_5,core
37439,cluster_5,core
240063,cluster_5,core
310550,cluster_5,core
317890,cluster_5,core
208556,cluster_5,core
477749,cluster_5,core
670813,cluster_5,core
42522,cluster_5,core
47395,cluster_5,core
444515,cluster_5,core
45990,cluster_5,core
47186,cluster_5,core
771015,cluster_5,core
39513,cluster_5,core
48148,cluster_5,core
48504,cluster_5,core
44727,cluster_5,core
554326,cluster_5,core
449073,cluster_5,core
545772,cluster_5,core
208806,cluster_5,core
771016,cluster_5,core
52562,cluster_5,core
51134,cluster_5,core
192803,cluster_5,core
309385,cluster_5,core
207399,cluster_5,core
42310,cluster_5,core
312891,cluster_5,core
2432,cluster_5,core
244732,cluster_5,core
308569,cluster_5,core
37436,cluster_5,core
246156,cluster_5,core
48750,cluster_5,core
52563,cluster_5,core
313287,cluster_5,core
208409,cluster_5,core
206522,cluster_5,core
44465,cluster_5,core
460186,cluster_5,core
770923,cluster_5,core
309501,cluster_5,core
185902,cluster_5,core
476252,cluster_5,core
463533,cluster_5,core
57492,cluster_5,core
449676,cluster_5,core
576327,cluster_5,core
448987,cluster_5,core
310214,cluster_6,core
42293,cluster_6,core
308483,cluster_6,core
62633,cluster_6,core
57434,cluster_6,core
308450,cluster_6,core
308580,cluster_6,core
47951,cluster_6,core
308704,cluster_6,core
308625,cluster_6,core
313362,cluster_6,core
309741,cluster_6,core
447229,cluster_6,core
308350,cluster_6,core
308586,cluster_6,core
308626,cluster_6,core
40095,cluster_6,core
308592,cluster_6,core
308724,cluster_6,core
47640,cluster_6,core
307620,cluster_6,core
670989,cluster_6,core
310219,cluster_6,core
625629,cluster_6,core
62757,cluster_6,core
63328,cluster_6,core
62595,cluster_6,core
308712,cluster_6,core
310544,cluster_6,core
444518,cluster_6,core
62684,cluster_6,core
308571,cluster_6,core
47536,cluster_6,core
63122,cluster_6,core
309525,cluster_6,core
42282,cluster_6,core
449056,cluster_6,core
37398,cluster_6,core
308657,cluster_6,core
308303,cluster_6,core
52085,cluster_6,core
310543,cluster_6,core
51049,cluster_6,core
47786,cluster_6,core
317786,cluster_6,core
62614,cluster_6,core
313301,cluster_6,core
47299,cluster_6,core
833904,cluster_6,core
51015,cluster_6,core
37479,cluster_6,core
46710,cluster_6,core
308707,cluster_6,core
47649,cluster_6,core
558282,cluster_6,core
42421,cluster_6,core
62770,cluster_6,core
49266,cluster_6,core
308623,cluster_6,core
50707,cluster_6,core
52050,cluster_6,core
44953,cluster_6,core
309468,cluster_6,core
52524,cluster_6,core
318618,cluster_6,core
446217,cluster_6,core
307619,cluster_6,core
308300,cluster_6,core
310547,cluster_6,core
63119,cluster_6,core
308628,cluster_6,core
308491,cluster_6,core
308706,cluster_6,core
254329,cluster_6,core
48013,cluster_6,core
308713,cluster_6,core
308380,cluster_6,core
449915,cluster_6,core
37438,cluster_6,core
312802,cluster_6,core
449063,cluster_6,core
308627,cluster_6,core
40083,cluster_6,core
307866,cluster_6,core
45879,cluster_6,core
57517,cluster_6,core
37477,cluster_6,core
42227,cluster_6,core
42413,cluster_6,core
308291,cluster_6,core
310208,cluster_6,core
308714,cluster_6,core
308570,cluster_6,core
312606,cluster_6,core
465878,cluster_6,core
448395,cluster_6,core
49896,cluster_6,core
57422,cluster_6,core
62717,cluster_6,core
448726,cluster_6,core
452853,cluster_6,core
37431,cluster_6,core
308619,cluster_6,core
771000,cluster_6,core
465895,cluster_6,core
308710,cluster_6,core
771009,cluster_6,core
244729,cluster_6,core
308615,cluster_6,core
42377,cluster_6,core
308602,cluster_6,core
46249,cluster_6,core
46705,cluster_6,core
53157,cluster_6,core
308293,cluster_6,core
318466,cluster_6,core
444451,cluster_6,core
308629,cluster_6,core
308711,cluster_6,core
308463,cluster_6,core
63082,cluster_6,core
310220,cluster_6,core
42312,cluster_6,core
451620,cluster_6,core
46209,cluster_6,core
442873,cluster_6,core
308355,cluster_6,core
308618,cluster_6,core
308702,cluster_6,core
316000,cluster_6,core
451836,cluster_6,core
309735,cluster_6,core
448017,cluster_6,core
452223,cluster_6,core
49898,cluster_6,core
37510,cluster_6,core
47214,cluster_6,core
310481,cluster_6,core
310355,cluster_6,core
307865,cluster_6,core
50659,cluster_6,core
443103,cluster_6,core
308294,cluster_6,core
246636,cluster_6,core
910531,cluster_6,core
449923,cluster_6,core
309132,cluster_6,core
49142,cluster_6,core
52081,cluster_6,core
47982,cluster_6,core
452683,cluster_6,core
308465,cluster_6,core
308652,cluster_6,core
308457,cluster_6,core
310512,cluster_6,core
47938,cluster_6,core
57435,cluster_6,core
308297,cluster_6,core
42285,cluster_6,core
73216,cluster_6,core
52058,cluster_6,core
312486,cluster_6,core
308459,cluster_6,core
310538,cluster_6,core
47657,cluster_6,core
52979,cluster_6,core
313156,cluster_6,core
314629,cluster_6,core
202205,cluster_6,core
308722,cluster_6,core
308447,cluster_6,core
52059,cluster_6,core
308655,cluster_6,core
48012,cluster_6,core
308624,cluster_6,core
44332,cluster_6,core
308609,cluster_6,core
308466,cluster_6,core
449919,cluster_6,core
318614,cluster_6,core
40207,cluster_6,core
3761,cluster_6,core
651290,cluster_6,core
57515,cluster_6,core
62690,cluster_6,core
42422,cluster_6,core
52054,cluster_6,core
310221,cluster_6,core
308363,cluster_6,core
308606,cluster_6,core
309401,cluster_6,core
308645,cluster_6,core
770962,cluster_6,core
308607,cluster_6,core
308647,cluster_6,core
308487,cluster_6,core
308715,cluster_6,core
307622,cluster_6,core
47481,cluster_6,core
308440,cluster_6,core
47983,cluster_6,core
442860,cluster_6,core
37482,cluster_6,core
309517,cluster_6,core
48391,cluster_6,core
308292,cluster_6,core
460689,cluster_6,core
308296,cluster_6,core
37455,cluster_6,core
208439,cluster_6,core
453308,cluster_6,core
57436,cluster_6,core
47482,cluster_6,core
452011,cluster_6,core
48509,cluster_6,core
465877,cluster_6,core
308648,cluster_6,core
308643,cluster_6,core
47970,cluster_6,core
308709,cluster_6,core
313155,cluster_6,core
57425,cluster_6,core
449914,cluster_6,core
308646,cluster_6,core
308458,cluster_6,core
52546,cluster_6,core
308600,cluster_6,core
308651,cluster_6,core
314635,cluster_6,core
308642,cluster_6,core
312571,cluster_6,core
42333,cluster_6,core
47695,cluster_7,core
856856,cluster_7,core
670991,cluster_7,core
42394,cluster_7,core
52377,cluster_7,core
62656,cluster_7,core
449498,cluster_7,core
62703,cluster_7,core
452960,cluster_7,core
4895,cluster_7,core
47174,cluster_7,core
48126,cluster_7,core
446946,cluster_7,core
194391,cluster_7,core
52798,cluster_7,core
49274,cluster_7,core
63081,cluster_7,core
62591,cluster_7,core
48720,cluster_7,core
49316,cluster_7,core
47758,cluster_7,core
52739,cluster_7,core
52765,cluster_7,core
44349,cluster_7,core
49308,cluster_7,core
449129,cluster_7,core
63085,cluster_7,core
62601,cluster_7,core
62602,cluster_7,core
53846,cluster_7,core
47382,cluster_7,core
53773,cluster_7,core
62549,cluster_7,core
680974,cluster_7,core
50848,cluster_7,core
63134,cluster_7,core
46588,cluster_7,core
46042,cluster_7,core
49861,cluster_7,core
902207,cluster_7,core
42541,cluster_7,core
446944,cluster_7,core
47941,cluster_7,core
54084,cluster_7,core
47066,cluster_7,core
46150,cluster_7,core
53203,cluster_7,core
52260,cluster_7,core
45967,cluster_7,core
52075,cluster_7,core
46929,cluster_7,core
63100,cluster_7,core
317991,cluster_7,core
446936,cluster_7,core
187791,cluster_7,core
46965,cluster_7,core
52261,cluster_7,core
447278,cluster_7,core
46933,cluster_7,core
450929,cluster_7,core
48627,cluster_7,core
46029,cluster_7,core
51187,cluster_7,core
48085,cluster_7,core
62764,cluster_7,core
50317,cluster_7,core
47062,cluster_7,core
52218,cluster_7,core
62552,cluster_7,core
62553,cluster_7,core
62658,cluster_7,core
52216,cluster_7,core
45962,cluster_7,core
53765,cluster_7,core
63128,cluster_7,core
547254,cluster_7,core
199470,cluster_7,core
239504,cluster_7,core
47623,cluster_7,core
62588,cluster_7,core
41749,cluster_7,core
52215,cluster_7,core
449068,cluster_7,core
47759,cluster_7,core
45432,cluster_7,core
62681,cluster_7,core
63565,cluster_7,core
187733,cluster_7,core
255341,cluster_7,core
50226,cluster_7,core
450932,cluster_7,core
456219,cluster_7,core
46739,cluster_7,core
546649,cluster_7,core
446935,cluster_7,core
446929,cluster_7,core
200827,cluster_7,core
188998,cluster_7,core
45882,cluster_7,core
46161,cluster_7,core
48532,cluster_7,core
37540,cluster_7,core
52735,cluster_7,core
892635,cluster_7,core
453623,cluster_7,core
45844,cluster_7,core
46114,cluster_7,core
448694,cluster_7,core
46017,cluster_7,core
63133,cluster_7,core
44747,cluster_7,core
63087,cluster_7,core
309757,cluster_7,core
310517,cluster_7,core
63137,cluster_7,core
57417,cluster_7,core
52217,cluster_7,core
468159,cluster_7,core
310675,cluster_7,core
48172,cluster_7,core
894321,cluster_7,core
46690,cluster_7,core
4508,cluster_7,core
39666,cluster_7,core
48084,cluster_7,core
46818,cluster_7,core
52709,cluster_7,core
316813,cluster_7,core
48223,cluster_7,core
468158,cluster_7,core
47072,cluster_7,core
37449,cluster_7,core
44973,cluster_7,core
64921,cluster_7,core
466229,cluster_7,core
447674,cluster_7,core
313363,cluster_7,core
62635,cluster_7,core
72738,cluster_7,core
45550,cluster_7,core
188556,cluster_7,core
63120,cluster_7,core
46071,cluster_7,core
49261,cluster_7,core
199039,cluster_7,core
444486,cluster_7,core
449058,cluster_7,core
46016,cluster_7,core
47609,cluster_7,core
51160,cluster_7,core
449557,cluster_7,core
75915,cluster_7,core
450947,cluster_7,core
449772,cluster_7,core
46064,cluster_7,core
63127,cluster_7,core
313314,cluster_7,core
46033,cluster_7,core
449497,cluster_7,core
463208,cluster_7,core
47946,cluster_7,core
450759,cluster_7,core
46116,cluster_7,core
447139,cluster_7,core
48480,cluster_7,core
449560,cluster_7,core
62704,cluster_7,core
199775,cluster_7,core
316875,cluster_7,core
449089,cluster_7,core
195499,cluster_7,core
62589,cluster_7,core
199670,cluster_7,core
49270,cluster_7,core
37649,cluster_7,core
451609,cluster_7,core
63097,cluster_7,core
46817,cluster_7,core
47676,cluster_7,core
207469,cluster_7,core
47169,cluster_7,core
52984,cluster_7,core
246168,cluster_7,core
460280,cluster_7,core
465873,cluster_7,core
871864,cluster_7,core
447287,cluster_7,core
48318,cluster_7,core
52208,cluster_7,core
853981,cluster_7,core
460146,cluster_7,core
52506,cluster_7,core
309717,cluster_7,core
465879,cluster_7,core
47043,cluster_7,core
44830,cluster_7,core
208337,cluster_7,core
239488,cluster_7,core
468166,cluster_7,core
52470,cluster_7,core
460139,cluster_7,core
770987,cluster_7,core
53964,cluster_7,core
317831,cluster_7,core
52658,cluster_7,core
308486,cluster_7,core
318662,cluster_7,core
552180,cluster_7,core
47972,cluster_7,core
447285,cluster_7,core
318628,cluster_7,core
4585,cluster_7,core
460128,cluster_7,core
9214,cluster_7,core
448182,cluster_7,core
450494,cluster_7,core
62694,cluster_7,core
770971,cluster_7,core
308448,cluster_7,core
39576,cluster_7,core
448671,cluster_7,core
188976,cluster_7,core
448261,cluster_7,core
198939,cluster_7,core
460666,cluster_7,core
45554,cluster_7,core
57405,cluster_7,core
62943,cluster_7,core
194433,cluster_7,core
460136,cluster_7,core
45964,cluster_7,core
446685,cluster_7,core
771006,cluster_7,core
190648,cluster_7,core
470127,cluster_7,core
452036,cluster_7,core
42443,cluster_7,core
247410,cluster_7,core
446843,cluster_7,core
658676,cluster_7,core
63941,cluster_7,core
468165,cluster_7,core
256549,cluster_7,core
199744,cluster_7,core
319633,cluster_7,core
47845,cluster_7,core
448447,cluster_7,core
465884,cluster_7,core
199533,cluster_7,core
476300,cluster_7,core
446195,cluster_7,core
871960,cluster_7,core
466618,cluster_7,core
47414,cluster_7,core
465885,cluster_7,core
199732,cluster_7,core
465889,cluster_7,core
45553,cluster_7,core
475416,cluster_7,core
37425,cluster_7,core
45974,cluster_7,core
45555,cluster_7,core
475725,cluster_7,core
449924,cluster_7,core
667254,cluster_7,core
240277,cluster_7,core
198497,cluster_7,core
451763,cluster_7,core
310361,cluster_7,core
197613,cluster_7,core
307615,cluster_7,core
468393,cluster_7,core
199135,cluster_7,core
468382,cluster_7,core
449869,cluster_7,core
447289,cluster_7,core
310364,cluster_7,core
42694,cluster_7,core
316711,cluster_7,core
250572,cluster_7,core
463532,cluster_7,core
252592,cluster_7,core
465883,cluster_7,core
240072,cluster_7,core
546758,cluster_7,core
198006,cluster_7,core
476285,cluster_7,core
50702,cluster_7,core
240667,cluster_7,core
44721,cluster_7,core
449879,cluster_7,core
39501,cluster_7,core
62922,cluster_7,core
471751,cluster_7,core
771073,cluster_7,core
449903,cluster_7,core
449079,cluster_7,core
448984,cluster_7,core
446842,cluster_7,core
42432,cluster_7,core
449071,cluster_7,core
478708,cluster_7,core
918706,cluster_7,core
450760,cluster_7,core
449635,cluster_7,core
547274,cluster_7,core
460983,cluster_7,core
255156,cluster_7,core
47061,cluster_7,core
449906,cluster_7,core
312586,cluster_7,core
207470,cluster_7,core
449743,cluster_7,core
248300,cluster_7,core
248705,cluster_7,core
47056,cluster_7,core
468523,cluster_7,core
449403,cluster_7,core
209256,cluster_7,core
771043,cluster_7,core
309396,cluster_7,core
449420,cluster_7,core
449747,cluster_7,core
188974,cluster_7,core
449402,cluster_7,core
244751,cluster_7,core
252634,cluster_7,core
449744,cluster_7,core
309397,cluster_7,core
185900,cluster_7,core
448260,cluster_7,core
449313,cluster_7,core
199051,cluster_7,core
447995,cluster_7,core
449874,cluster_7,core
196568,cluster_7,core
447987,cluster_7,core
449873,cluster_7,core
53828,cluster_8,core
198780,cluster_8,core
52753,cluster_8,core
451029,cluster_8,core
57369,cluster_8,core
42540,cluster_8,core
47648,cluster_8,core
48726,cluster_8,core
47447,cluster_8,core
52252,cluster_8,core
46233,cluster_8,core
57356,cluster_8,core
78432,cluster_8,core
62573,cluster_8,core
62634,cluster_8,core
48187,cluster_8,core
53853,cluster_8,core
49864,cluster_8,core
62556,cluster_8,core
52755,cluster_8,core
62590,cluster_8,core
46950,cluster_8,core
51213,cluster_8,core
46638,cluster_8,core
46711,cluster_8,core
39885,cluster_8,core
52491,cluster_8,core
37657,cluster_8,core
47813,cluster_8,core
208248,cluster_8,core
52624,cluster_8,core
62571,cluster_8,core
48640,cluster_8,core
46046,cluster_8,core
309469,cluster_8,core
312814,cluster_8,core
47088,cluster_8,core
316782,cluster_8,core
47196,cluster_8,core
47949,cluster_8,core
198781,cluster_8,core
42417,cluster_8,core
50213,cluster_8,core
63136,cluster_8,core
851662,cluster_8,core
48432,cluster_8,core
47203,cluster_8,core
47132,cluster_8,core
46129,cluster_8,core
49203,cluster_8,core
46068,cluster_8,core
47228,cluster_8,core
466228,cluster_8,core
46317,cluster_8,core
48425,cluster_8,core
63069,cluster_8,core
487351,cluster_8,core
63545,cluster_8,core
63123,cluster_8,core
52220,cluster_8,core
45994,cluster_8,core
44742,cluster_8,core
449559,cluster_8,core
62626,cluster_8,core
309470,cluster_8,core
62557,cluster_8,core
52803,cluster_8,core
48272,cluster_8,core
670995,cluster_8,core
62771,cluster_8,core
51024,cluster_8,core
46250,cluster_8,core
451336,cluster_8,core
62754,cluster_8,core
49900,cluster_8,core
910524,cluster_8,core
50655,cluster_8,core
44450,cluster_8,core
62587,cluster_8,core
318293,cluster_8,core
200875,cluster_8,core
52044,cluster_8,core
56587,cluster_8,core
833902,cluster_8,core
312928,cluster_8,core
42468,cluster_8,core
53627,cluster_8,core
48357,cluster_8,core
48481,cluster_8,core
200876,cluster_8,core
37537,cluster_8,core
47137,cluster_8,core
49899,cluster_8,core
833900,cluster_8,core
63061,cluster_8,core
42469,cluster_8,core
62762,cluster_8,core
46235,cluster_8,core
73217,cluster_8,core
75831,cluster_8,core
46762,cluster_8,core
36454,cluster_8,core
39500,cluster_8,core
208403,cluster_8,core
50333,cluster_8,core
62640,cluster_8,core
449918,cluster_8,core
453047,cluster_8,core
310358,cluster_8,core
460659,cluster_8,core
52514,cluster_8,core
50186,cluster_8,core
42448,cluster_8,core
47985,cluster_8,core
44737,cluster_8,core
63138,cluster_8,core
465870,cluster_8,core
62598,cluster_8,core
448968,cluster_8,core
47787,cluster_8,core
46011,cluster_8,core
46783,cluster_8,core
57522,cluster_8,core
50229,cluster_8,core
50700,cluster_8,core
44977,cluster_8,core
44741,cluster_8,core
49272,cluster_8,core
487563,cluster_8,core
447120,cluster_8,core
461493,cluster_8,core
448976,cluster_8,core
42247,cluster_8,core
208122,cluster_8,core
47599,cluster_8,core
51026,cluster_8,core
670987,cluster_8,core
48565,cluster_8,core
449506,cluster_8,core
308348,cluster_8,core
62760,cluster_8,core
449078,cluster_8,core
308492,cluster_8,core
449430,cluster_8,core
9367,cluster_8,core
52639,cluster_8,core
50334,cluster_8,core
478668,cluster_8,core
448700,cluster_8,core
208121,cluster_8,core
48411,cluster_8,core
449419,cluster_8,core
42549,cluster_8,core
449851,cluster_8,core
62759,cluster_8,core
48027,cluster_8,core
42393,cluster_8,core
47788,cluster_8,core
39531,cluster_8,core
42479,cluster_8,core
448975,cluster_8,core
50708,cluster_8,core
477325,cluster_8,core
72737,cluster_8,core
312570,cluster_8,core
50316,cluster_8,core
50770,cluster_8,core
471747,cluster_8,core
487474,cluster_8,core
62638,cluster_8,core
50563,cluster_8,core
460660,cluster_8,core
63070,cluster_8,core
46269,cluster_8,core
670992,cluster_8,core
52089,cluster_8,core
449708,cluster_8,core
50313,cluster_8,core
47858,cluster_8,core
52638,cluster_8,core
308420,cluster_8,core
46941,cluster_8,core
250239,cluster_8,core
44427,cluster_8,core
44454,cluster_8,core
62597,cluster_8,core
445289,cluster_8,core
250238,cluster_8,core
42440,cluster_8,core
207815,cluster_8,core
203266,cluster_8,core
63313,cluster_8,core
195208,cluster_8,core
49201,cluster_8,core
50709,cluster_8,core
44689,cluster_8,core
45918,cluster_8,core
63942,cluster_8,core
310607,cluster_8,core
319966,cluster_8,core
62905,cluster_8,core
195209,cluster_8,core
42331,cluster_8,core
308591,cluster_8,core
48456,cluster_8,core
42416,cluster_8,core
451622,cluster_8,core
308578,cluster_8,core
40082,cluster_8,core
449421,cluster_8,core
45552,cluster_8,core
51245,cluster_8,core
310601,cluster_8,core
45556,cluster_8,core
47391,cluster_8,core
62763,cluster_8,core
200840,cluster_8,core
748293,cluster_8,core
47820,cluster_8,core
761272,cluster_8,core
51183,cluster_8,core
57370,cluster_8,core
769061,cluster_8,core
200839,cluster_8,core
448544,cluster_8,core
56164,cluster_8,core
770940,cluster_8,core
48451,cluster_8,core
448696,cluster_8,core
449773,cluster_8,core
310602,cluster_8,core
771023,cluster_8,core
62722,cluster_8,core
770941,cluster_8,core
45868,cluster_8,core
63109,cluster_8,core
446908,cluster_8,core
52442,cluster_8,core
828493,cluster_8,core
833901,cluster_8,core
316719,cluster_8,core
46268,cluster_8,core
40206,cluster_8,core
45977,cluster_8,core
465871,cluster_8,core
316718,cluster_8,core
44426,cluster_8,core
770945,cluster_8,core
49136,cluster_8,core
63103,cluster_8,core
308577,cluster_8,core
63189,cluster_8,core
448397,cluster_8,core
44755,cluster_8,core
46575,cluster_8,core
53613,cluster_8,core
62713,cluster_8,core
477326,cluster_8,core
448186,cluster_8,core
63047,cluster_8,core
313241,cluster_8,core
46001,cluster_8,core
468167,cluster_8,core
52222,cluster_8,core
313302,cluster_8,core
445269,cluster_8,core
201290,cluster_8,core
42511,cluster_8,core
52492,cluster_8,core
37524,cluster_8,core
201881,cluster_8,core
319859,cluster_8,core
62769,cluster_8,core
451618,cluster_8,core
44756,cluster_8,core
308531,cluster_8,core
49924,cluster_8,core
451694,cluster_8,core
42311,cluster_8,core
461502,cluster_8,core
44441,cluster_8,core
45365,cluster_8,core
37555,cluster_8,core
309399,cluster_8,core
554515,cluster_8,core
308590,cluster_8,core
448969,cluster_8,core
46223,cluster_8,core
452615,cluster_8,core
670994,cluster_8,core
446898,cluster_8,core
446844,cluster_8,core
199343,cluster_8,core
476282,cluster_8,core
248847,cluster_8,core
40074,cluster_8,core
452083,cluster_8,core
446907,cluster_8,core
449917,cluster_8,core
63531,cluster_8,core
47637,cluster_8,core
201756,cluster_8,core
476276,cluster_8,core
39609,cluster_8,core
45989,cluster_8,core
39528,cluster_8,core
46205,cluster_8,core
308359,cluster_8,core
63142,cluster_8,core
452082,cluster_8,core
4480,cluster_8,core
451695,cluster_8,core
308585,cluster_8,core
451180,cluster_8,core
310704,cluster_8,core
44431,cluster_8,core
52383,cluster_8,core
449875,cluster_9,core
651241,cluster_9,core
204374,cluster_9,core
194636,cluster_9,core
468395,cluster_9,core
194637,cluster_9,core
194644,cluster_9,core
204356,cluster_9,core
232222,cluster_9,core
204352,cluster_9,core
453454,cluster_9,core
193077,cluster_9,core
199026,cluster_9,core
204384,cluster_9,core
208822,cluster_9,core
465875,cluster_9,core
198432,cluster_9,core
42370,cluster_9,core
204360,cluster_9,core
188994,cluster_9,core
204355,cluster_9,core
198409,cluster_9,core
231768,cluster_9,core
449876,cluster_9,core
204368,cluster_9,core
193355,cluster_9,core
193064,cluster_9,core
204351,cluster_9,core
204363,cluster_9,core
449429,cluster_9,core
198575,cluster_9,core
205382,cluster_9,core
199733,cluster_9,core
199134,cluster_9,core
205378,cluster_9,core
449041,cluster_9,core
5713,cluster_9,core
643549,cluster_9,core
199415,cluster_9,core
204415,cluster_9,core
5732,cluster_9,core
199886,cluster_9,core
204378,cluster_9,core
194632,cluster_9,core
461338,cluster_9,core
204377,cluster_9,core
453306,cluster_9,core
204370,cluster_9,core
204372,cluster_9,core
199751,cluster_9,core
204387,cluster_9,core
204364,cluster_9,core
193093,cluster_9,core
194488,cluster_9,core
449775,cluster_9,core
449736,cluster_9,core
194292,cluster_9,core
196544,cluster_9,core
49208,cluster_9,core
204070,cluster_9,core
449905,cluster_9,core
194624,cluster_9,core
204390,cluster_9,core
204423,cluster_9,core
198426,cluster_9,core
465874,cluster_9,core
198669,cluster_9,core
42498,cluster_9,core
449904,cluster_9,core
199320,cluster_9,core
449072,cluster_9,core
195307,cluster_9,core
201716,cluster_9,core
449883,cluster_9,core
194639,cluster_9,core
449418,cluster_9,core
468399,cluster_9,core
466701,cluster_9,core
204385,cluster_9,core
197572,cluster_9,core
449771,cluster_9,core
193063,cluster_9,core
205096,cluster_9,core
199417,cluster_9,core
199568,cluster_9,core
449446,cluster_9,core
42350,cluster_9,core
449435,cluster_9,core
204392,cluster_9,core
204354,cluster_9,core
50354,cluster_9,core
208006,cluster_9,core
468394,cluster_9,core
449555,cluster_9,core
762253,cluster_9,core
448985,cluster_9,core
205379,cluster_9,core
191780,cluster_9,core
199570,cluster_9,core
197614,cluster_9,core
5397,cluster_9,core
204098,cluster_9,core
204513,cluster_9,core
199765,cluster_9,core
199195,cluster_9,core
208387,cluster_9,core
193062,cluster_9,core
460681,cluster_9,core
42268,cluster_9,core
194906,cluster_9,core
254422,cluster_9,core
460133,cluster_9,core
197616,cluster_9,core
449872,cluster_9,core
197552,cluster_9,core
8681,cluster_9,core
762252,cluster_9,core
449436,cluster_9,core
240307,cluster_9,core
204391,cluster_9,core
199752,cluster_9,core
185914,cluster_9,core
449115,cluster_9,core
208307,cluster_9,core
449649,cluster_9,core
199730,cluster_9,core
460147,cluster_9,core
186684,cluster_9,core
244838,cluster_9,core
204511,cluster_9,core
460173,cluster_9,core
188908,cluster_9,core
460175,cluster_9,core
48665,cluster_10,core
42249,cluster_10,core
47315,cluster_10,core
48597,cluster_10,core
46517,cluster_10,core
48654,cluster_10,core
42279,cluster_10,core
51005,cluster_10,core
49346,cluster_10,core
52019,cluster_10,core
47656,cluster_10,core
50943,cluster_10,core
48598,cluster_10,core
42256,cluster_10,core
706316,cluster_10,core
47911,cluster_10,core
47102,cluster_10,core
42338,cluster_10,core
50840,cluster_10,core
42199,cluster_10,core
48746,cluster_10,core
46050,cluster_10,core
46163,cluster_10,core
52390,cluster_10,core
52811,cluster_10,core
42257,cluster_10,core
47370,cluster_10,core
48629,cluster_10,core
48676,cluster_10,core
48628,cluster_10,core
48691,cluster_10,core
48311,cluster_10,core
48694,cluster_10,core
460673,cluster_10,core
48613,cluster_10,core
45908,cluster_10,core
48690,cluster_10,core
46049,cluster_10,core
48745,cluster_10,core
50839,cluster_10,core
46531,cluster_10,core
52685,cluster_10,core
42272,cluster_10,core
46139,cluster_10,core
42224,cluster_10,core
46120,cluster_10,core
46628,cluster_10,core
46816,cluster_10,core
48774,cluster_10,core
50473,cluster_10,core
46565,cluster_10,core
48590,cluster_10,core
49352,cluster_10,core
46104,cluster_10,core
45923,cluster_10,core
48575,cluster_10,core
460678,cluster_10,core
48662,cluster_10,core
40084,cluster_10,core
50735,cluster_10,core
63071,cluster_10,core
478721,cluster_10,core
48595,cluster_10,core
50824,cluster_10,core
48329,cluster_10,core
48850,cluster_10,core
42221,cluster_10,core
46148,cluster_10,core
42222,cluster_10,core
50749,cluster_10,core
46521,cluster_10,core
53663,cluster_10,core
47754,cluster_10,core
52932,cluster_10,core
42409,cluster_10,core
46151,cluster_10,core
50886,cluster_10,core
48337,cluster_10,core
48711,cluster_10,core
47309,cluster_10,core
46138,cluster_10,core
254268,cluster_10,core
47308,cluster_10,core
48573,cluster_10,core
46425,cluster_10,core
47434,cluster_10,core
48308,cluster_10,core
47603,cluster_10,core
50817,cluster_10,core
48660,cluster_10,core
49366,cluster_10,core
52933,cluster_10,core
42223,cluster_10,core
48637,cluster_10,core
49920,cluster_10,core
49360,cluster_10,core
63057,cluster_10,core
50841,cluster_10,core
48759,cluster_10,core
46962,cluster_10,core
48854,cluster_10,core
46934,cluster_10,core
42220,cluster_10,core
46353,cluster_10,core
46315,cluster_10,core
202473,cluster_10,core
45829,cluster_10,core
314181,cluster_10,core
47327,cluster_10,core
45900,cluster_10,core
48859,cluster_10,core
48581,cluster_10,core
46087,cluster_10,core
47857,cluster_10,core
42201,cluster_10,core
46153,cluster_10,core
52023,cluster_10,core
51032,cluster_10,core
48771,cluster_10,core
52975,cluster_10,core
46516,cluster_10,core
48781,cluster_10,core
46063,cluster_10,core
42360,cluster_10,core
47687,cluster_10,core
52942,cluster_10,core
46624,cluster_10,core
46436,cluster_10,core
46062,cluster_10,core
45984,cluster_10,core
247250,cluster_10,core
46676,cluster_10,core
47923,cluster_10,core
460717,cluster_10,core
50820,cluster_10,core
52941,cluster_10,core
48741,cluster_10,core
48740,cluster_10,core
16544,cluster_10,core
46781,cluster_10,core
187660,cluster_10,core
9582,cluster_10,core
203607,cluster_10,core
50907,cluster_10,core
254247,cluster_10,core
50738,cluster_10,core
48592,cluster_10,core
9584,cluster_10,core
42366,cluster_10,core
42238,cluster_10,core
47441,cluster_10,core
254427,cluster_10,core
48591,cluster_10,core
48612,cluster_10,core
45845,cluster_10,core
46434,cluster_10,core
48840,cluster_10,core
46078,cluster_10,core
247256,cluster_10,core
46084,cluster_10,core
47921,cluster_10,core
52609,cluster_10,core
52801,cluster_10,core
48749,cluster_10,core
47490,cluster_10,core
200670,cluster_10,core
48611,cluster_10,core
48696,cluster_10,core
46125,cluster_10,core
48697,cluster_10,core
50837,cluster_10,core
42229,cluster_10,core
46094,cluster_10,core
51232,cluster_10,core
50362,cluster_10,core
42363,cluster_10,core
251803,cluster_10,core
51161,cluster_10,core
200772,cluster_10,core
48569,cluster_10,core
52026,cluster_10,core
52802,cluster_10,core
239358,cluster_10,core
49344,cluster_10,core
208398,cluster_10,core
42218,cluster_10,core
46580,cluster_10,core
50942,cluster_10,core
46075,cluster_10,core
46082,cluster_10,core
50842,cluster_10,core
42267,cluster_10,core
200879,cluster_10,core
45895,cluster_10,core
460268,cluster_10,core
46589,cluster_10,core
46913,cluster_10,core
42364,cluster_10,core
51124,cluster_10,core
48751,cluster_10,core
46782,cluster_10,core
49299,cluster_10,core
188536,cluster_10,core
200622,cluster_10,core
45939,cluster_10,core
49850,cluster_10,core
49862,cluster_10,core
47720,cluster_10,core
45986,cluster_10,core
42203,cluster_10,core
50844,cluster_10,core
48254,cluster_10,core
42341,cluster_10,core
42255,cluster_10,core
50813,cluster_10,core
47317,cluster_10,core
48736,cluster_10,core
46507,cluster_10,core
46059,cluster_10,core
48766,cluster_10,core
42391,cluster_10,core
45894,cluster_10,core
78006,cluster_10,core
42506,cluster_10,core
46942,cluster_10,core
42243,cluster_10,core
50834,cluster_10,core
45889,cluster_10,core
52020,cluster_10,core
461210,cluster_10,core
460679,cluster_10,core
460145,cluster_10,core
208036,cluster_10,core
199727,cluster_10,core
198507,cluster_10,core
46922,cluster_10,core
48346,cluster_10,core
49269,cluster_10,core
192801,cluster_10,core
62863,cluster_10,core
48767,cluster_10,core
49207,cluster_10,core
45830,cluster_10,core
46333,cluster_10,core
47218,cluster_10,core
76452,cluster_10,core
45886,cluster_10,core
46508,cluster_10,core
52041,cluster_10,core
49191,cluster_10,core
51009,cluster_10,core
47660,cluster_10,core
471758,cluster_10,core
48608,cluster_10,core
201798,cluster_10,core
3469,cluster_10,core
46923,cluster_10,core
46770,cluster_10,core
46958,cluster_10,core
47620,cluster_10,core
487341,cluster_10,core
47294,cluster_10,core
52049,cluster_10,core
48609,cluster_10,core
48776,cluster_10,core
51013,cluster_10,core
45893,cluster_10,core
208486,cluster_10,core
460143,cluster_10,core
46536,cluster_10,core
47828,cluster_10,core
460718,cluster_10,core
45853,cluster_10,core
47438,cluster_10,core
196344,cluster_10,core
46538,cluster_10,core
254312,cluster_10,core
50748,cluster_10,core
49852,cluster_10,core
48610,cluster_10,core
44740,cluster_10,core
188538,cluster_10,core
460144,cluster_10,core
247324,cluster_10,core
188539,cluster_10,core
46797,cluster_10,core
471755,cluster_10,core
45934,cluster_10,core
48695,cluster_10,core
52810,cluster_10,core
49216,cluster_10,core
47600,cluster_10,core
48735,cluster_10,core
48466,cluster_10,core
52736,cluster_10,core
47914,cluster_10,core
47506,cluster_10,core
191636,cluster_10,core
48669,cluster_10,core
42191,cluster_10,core
194293,cluster_10,core
52916,cluster_10,core
50948,cluster_10,core
52060,cluster_10,core
46827,cluster_10,core
460677,cluster_10,core
53825,cluster_10,core
53891,cluster_10,core
206669,cluster_10,core
47226,cluster_10,core
48550,cluster_10,core
48762,cluster_10,core
47587,cluster_10,core
254484,cluster_10,core
199719,cluster_10,core
471759,cluster_10,core
191600,cluster_10,core
199722,cluster_10,core
48051,cluster_10,core
42389,cluster_10,core
47822,cluster_10,core
447776,cluster_10,core
198500,cluster_10,core
460675,cluster_10,core
460276,cluster_10,core
460277,cluster_10,core
47622,cluster_10,core
52972,cluster_10,core
44752,cluster_10,core
471800,cluster_10,core
244829,cluster_10,core
52812,cluster_10,core
50816,cluster_10,core
46123,cluster_10,core
254396,cluster_10,core
49362,cluster_10,core
52038,cluster_10,core
47872,cluster_10,core
45861,cluster_10,core
46537,cluster_10,core
45891,cluster_10,core
49351,cluster_10,core
249056,cluster_10,core
46809,cluster_10,core
62530,cluster_10,core
52610,cluster_10,core
48566,cluster_10,core
48551,cluster_10,core
467946,cluster_10,core
188537,cluster_10,core
45838,cluster_10,core
239506,cluster_10,core
45839,cluster_10,core
46481,cluster_10,core
45828,cluster_10,core
51066,cluster_10,core
47615,cluster_10,core
48620,cluster_10,core
463086,cluster_10,core
47854,cluster_10,core
50247,cluster_10,core
46141,cluster_10,core
45912,cluster_10,core
200928,cluster_10,core
50998,cluster_10,core
48757,cluster_10,core
52076,cluster_10,core
46090,cluster_10,core
45965,cluster_10,core
50743,cluster_10,core
52063,cluster_10,core
48285,cluster_10,core
48769,cluster_10,core
623471,cluster_10,core
51010,cluster_10,core
48699,cluster_10,core
52047,cluster_10,core
47223,cluster_10,core
198972,cluster_10,core
46849,cluster_10,core
208422,cluster_10,core
49222,cluster_10,core
52809,cluster_10,core
452025,cluster_10,core
701291,cluster_10,core
50506,cluster_10,core
53767,cluster_10,core
468524,cluster_10,core
198947,cluster_10,core
460676,cluster_10,core
460142,cluster_10,core
47531,cluster_10,core
477274,cluster_10,core
464680,cluster_10,core
62910,cluster_10,core
52923,cluster_10,core
48251,cluster_10,core
48648,cluster_10,core
194231,cluster_10,core
199720,cluster_10,core
250076,cluster_10,core
46060,cluster_10,core
200895,cluster_10,core
468525,cluster_10,core
253430,cluster_10,core
671535,cluster_10,core
204075,cluster_10,core
46097,cluster_10,core
255706,cluster_10,core
447138,cluster_10,core
50741,cluster_10,core
45913,cluster_10,core
52936,cluster_10,core
247282,cluster_10,core
191778,cluster_10,core
42205,cluster_10,core
208450,cluster_10,core
46045,cluster_10,core
62708,cluster_10,core
48661,cluster_10,core
471752,cluster_10,core
200962,cluster_10,core
771081,cluster_10,core
42354,cluster_10,core
194303,cluster_10,core
52053,cluster_10,core
40959,cluster_10,core
48603,cluster_10,core
314687,cluster_10,core
48558,cluster_10,core
46869,cluster_10,core
460900,cluster_10,core
569685,cluster_10,core
46979,cluster_10,core
46550,cluster_10,core
48058,cluster_10,core
194595,cluster_10,core
254378,cluster_10,core
205336,cluster_10,core
48546,cluster_10,core
208811,cluster_10,core
52922,cluster_10,core
42425,cluster_10,core
48725,cluster_10,core
51063,cluster_10,core
52052,cluster_10,core
47808,cluster_10,core
72312,cluster_10,core
50999,cluster_10,core
240161,cluster_10,core
46840,cluster_10,core
45863,cluster_10,core
46048,cluster_10,core
194234,cluster_10,core
48593,cluster_10,core
52057,cluster_10,core
46067,cluster_10,core
48761,cluster_10,core
194236,cluster_10,core
47922,cluster_10,core
50747,cluster_10,core
48621,cluster_10,core
46916,cluster_10,core
53826,cluster_10,core
193449,cluster_10,core
49856,cluster_10,core
246123,cluster_10,core
239494,cluster_10,core
46053,cluster_10,core
48246,cluster_10,core
53618,cluster_10,core
42206,cluster_10,core
46159,cluster_10,core
50742,cluster_10,core
50891,cluster_10,core
871715,cluster_10,core
48307,cluster_10,core
477269,cluster_10,core
48174,cluster_10,core
241816,cluster_10,core
48772,cluster_10,core
48632,cluster_10,core
42403,cluster_10,core
53930,cluster_10,core
42428,cluster_10,core
247414,cluster_10,core
47306,cluster_10,core
194238,cluster_10,core
50036,cluster_10,core
46956,cluster_10,core
644111,cluster_10,core
46165,cluster_10,core
200726,cluster_10,core
478433,cluster_10,core
48842,cluster_10,core
239355,cluster_10,core
47103,cluster_10,core
205322,cluster_10,core
770999,cluster_10,core
475761,cluster_10,core
48682,cluster_10,core
254186,cluster_10,core
198777,cluster_10,core
52040,cluster_10,core
52806,cluster_10,core
42250,cluster_10,core
194298,cluster_10,core
42251,cluster_10,core
314681,cluster_10,core
651289,cluster_10,core
46919,cluster_10,core
42240,cluster_10,core
48655,cluster_10,core
52391,cluster_10,core
247582,cluster_10,core
644110,cluster_10,core
254352,cluster_10,core
250077,cluster_10,core
190474,cluster_10,core
765030,cluster_10,core
45883,cluster_10,core
200894,cluster_10,core
188972,cluster_10,core
670804,cluster_10,core
37432,cluster_10,core
47501,cluster_10,core
42537,cluster_10,core
194229,cluster_10,core
461501,cluster_10,core
251487,cluster_10,core
254202,cluster_10,core
44862,cluster_10,core
240000,cluster_10,core
52808,cluster_10,core
254559,cluster_10,core
205476,cluster_10,core
200880,cluster_10,core
50846,cluster_10,core
250804,cluster_10,core
48700,cluster_10,core
476304,cluster_10,core
48701,cluster_10,core
248182,cluster_10,core
192844,cluster_10,core
475756,cluster_10,core
48704,cluster_10,core
207564,cluster_10,core
200885,cluster_10,core
46083,cluster_10,core
51223,cluster_10,core
205919,cluster_10,core
194256,cluster_10,core
197225,cluster_10,core
675861,cluster_10,core
2646,cluster_10,core
199721,cluster_10,core
245571,cluster_10,core
194235,cluster_10,core
205878,cluster_10,core
50694,cluster_10,core
47977,cluster_10,core
245612,cluster_10,core
247212,cluster_10,core
46914,cluster_10,core
48773,cluster_10,core
203612,cluster_10,core
251508,cluster_10,core
47784,cluster_10,core
200911,cluster_10,core
46915,cluster_10,core
475750,cluster_10,core
838101,cluster_10,core
205845,cluster_10,core
248811,cluster_10,core
246116,cluster_10,core
48765,cluster_10,core
52983,cluster_10,core
44739,cluster_10,core
40960,cluster_10,core
318345,cluster_10,core
42426,cluster_10,core
50950,cluster_10,core
460652,cluster_10,core
52605,cluster_10,core
675862,cluster_10,core
256602,cluster_10,core
256616,cluster_10,core
251933,cluster_10,core
479661,cluster_10,core
194251,cluster_10,core
46051,cluster_10,core
48748,cluster_10,core
205323,cluster_10,core
205835,cluster_10,core
48754,cluster_10,core
203278,cluster_10,core
197018,cluster_10,core
239496,cluster_10,core
246122,cluster_10,core
42376,cluster_10,core
194233,cluster_10,core
52518,cluster_10,core
39524,cluster_10,core
48755,cluster_10,core
460265,cluster_10,core
240815,cluster_10,core
247584,cluster_10,core
48747,cluster_10,core
205330,cluster_10,core
708056,cluster_10,core
256207,cluster_10,core
47435,cluster_10,core
50935,cluster_10,core
187801,cluster_10,core
461500,cluster_10,core
254281,cluster_10,core
48643,cluster_10,core
194289,cluster_10,core
48764,cluster_10,core
47783,cluster_10,core
47973,cluster_10,core
190797,cluster_10,core
46778,cluster_10,core
247949,cluster_10,core
308546,cluster_10,core
46103,cluster_10,core
50740,cluster_10,core
247223,cluster_10,core
308409,cluster_10,core
198670,cluster_10,core
202184,cluster_10,core
771037,cluster_10,core
253050,cluster_10,core
245557,cluster_10,core
254183,cluster_10,core
205321,cluster_10,core
309484,cluster_10,core
45896,cluster_10,core
53775,cluster_10,core
309487,cluster_10,core
475726,cluster_10,core
199384,cluster_10,core
547756,cluster_10,core
45880,cluster_10,core
205827,cluster_10,core
308542,cluster_10,core
316270,cluster_10,core
478438,cluster_10,core
254199,cluster_10,core
48244,cluster_10,core
192830,cluster_10,core
50714,cluster_10,core
50349,cluster_10,core
50713,cluster_10,core
3561,cluster_10,core
205826,cluster_10,core
841274,cluster_10,core
192831,cluster_10,core
191593,cluster_10,core
239483,cluster_10,core
255244,cluster_10,core
46539,cluster_10,core
46830,cluster_10,core
202183,cluster_10,core
188777,cluster_10,core
9180,cluster_10,core
9179,cluster_10,core
52914,cluster_10,core
192811,cluster_10,core
248732,cluster_10,core
202218,cluster_10,core
774589,cluster_10,core
192854,cluster_10,core
192810,cluster_10,core
240910,cluster_10,core
191206,cluster_10,core
239997,cluster_10,core
46571,cluster_10,core
207383,cluster_10,core
191375,cluster_10,core
202178,cluster_10,core
208152,cluster_10,core
48175,cluster_10,core
240908,cluster_10,core
42324,cluster_10,core
48224,cluster_11,core
309512,cluster_11,core
49859,cluster_11,core
47290,cluster_11,core
318602,cluster_11,core
47449,cluster_11,core
44907,cluster_11,core
46953,cluster_11,core
45938,cluster_11,core
308534,cluster_11,core
52024,cluster_11,core
194288,cluster_11,core
46957,cluster_11,core
47850,cluster_11,core
194583,cluster_11,core
37434,cluster_11,core
57368,cluster_11,core
57367,cluster_11,core
53468,cluster_11,core
47427,cluster_11,core
239563,cluster_11,core
310556,cluster_11,core
36452,cluster_11,core
444480,cluster_11,core
46989,cluster_11,core
671537,cluster_11,core
309400,cluster_11,core
49280,cluster_11,core
50739,cluster_11,core
46587,cluster_11,core
46679,cluster_11,core
199273,cluster_11,core
46961,cluster_11,core
51007,cluster_11,core
47935,cluster_11,core
48124,cluster_11,core
49296,cluster_11,core
48686,cluster_11,core
63526,cluster_11,core
204515,cluster_11,core
310568,cluster_11,core
198321,cluster_11,core
62666,cluster_11,core
48189,cluster_11,core
9286,cluster_11,core
47888,cluster_11,core
53855,cluster_11,core
48015,cluster_11,core
48527,cluster_11,core
49293,cluster_11,core
63548,cluster_11,core
51003,cluster_11,core
50567,cluster_11,core
194588,cluster_11,core
48276,cluster_11,core
52611,cluster_11,core
63108,cluster_11,core
42192,cluster_11,core
208389,cluster_11,core
47375,cluster_11,core
47122,cluster_11,core
57359,cluster_11,core
247192,cluster_11,core
63084,cluster_11,core
42241,cluster_11,core
51021,cluster_11,core
46930,cluster_11,core
247188,cluster_11,core
46680,cluster_11,core
49139,cluster_11,core
46635,cluster_11,core
47806,cluster_11,core
48559,cluster_11,core
47805,cluster_11,core
310496,cluster_11,core
57441,cluster_11,core
47167,cluster_11,core
451397,cluster_11,core
15595,cluster_11,core
52034,cluster_11,core
44439,cluster_11,core
240436,cluster_11,core
48330,cluster_11,core
52300,cluster_11,core
851660,cluster_11,core
452034,cluster_11,core
315052,cluster_11,core
309521,cluster_11,core
50037,cluster_11,core
308519,cluster_11,core
449457,cluster_11,core
42400,cluster_11,core
48857,cluster_11,core
45832,cluster_11,core
46988,cluster_11,core
314688,cluster_11,core
848436,cluster_11,core
46564,cluster_11,core
201751,cluster_11,core
62942,cluster_11,core
848444,cluster_11,core
50883,cluster_11,core
314364,cluster_11,core
310509,cluster_11,core
48275,cluster_11,core
45959,cluster_11,core
47892,cluster_11,core
47050,cluster_11,core
317793,cluster_11,core
47624,cluster_11,core
62701,cluster_11,core
448541,cluster_11,core
62559,cluster_11,core
47295,cluster_11,core
62724,cluster_11,core
239363,cluster_11,core
52711,cluster_11,core
42254,cluster_11,core
308703,cluster_11,core
2635,cluster_11,core
47642,cluster_11,core
240117,cluster_11,core
45972,cluster_11,core
194239,cluster_11,core
57520,cluster_11,core
190600,cluster_11,core
839471,cluster_11,core
52033,cluster_11,core
240484,cluster_11,core
309359,cluster_11,core
46633,cluster_11,core
46331,cluster_11,core
309516,cluster_11,core
53774,cluster_11,core
47280,cluster_11,core
199579,cluster_11,core
47281,cluster_11,core
309514,cluster_11,core
47616,cluster_11,core
203276,cluster_11,core
46044,cluster_11,core
828443,cluster_11,core
320343,cluster_11,core
310206,cluster_11,core
47644,cluster_11,core
309509,cluster_11,core
47074,cluster_11,core
2539,cluster_11,core
52976,cluster_11,core
194587,cluster_11,core
39559,cluster_11,core
46043,cluster_11,core
42464,cluster_11,core
47470,cluster_11,core
202243,cluster_11,core
309490,cluster_11,core
48271,cluster_11,core
42317,cluster_11,core
48734,cluster_11,core
545791,cluster_11,core
51044,cluster_11,core
47568,cluster_11,core
234894,cluster_11,core
450198,cluster_11,core
309302,cluster_11,core
37458,cluster_11,core
50975,cluster_11,core
310196,cluster_11,core
48461,cluster_11,core
316721,cluster_11,core
48742,cluster_11,core
240312,cluster_11,core
49264,cluster_11,core
47939,cluster_11,core
314697,cluster_11,core
62563,cluster_11,core
244857,cluster_11,core
312158,cluster_11,core
42438,cluster_11,core
76733,cluster_11,core
50027,cluster_11,core
254246,cluster_11,core
45987,cluster_11,core
62606,cluster_11,core
198322,cluster_11,core
42550,cluster_11,core
42505,cluster_11,core
308529,cluster_11,core
196567,cluster_11,core
770927,cluster_11,core
46152,cluster_11,core
46760,cluster_11,core
308511,cluster_11,core
44733,cluster_11,core
48580,cluster_11,core
890351,cluster_11,core
308535,cluster_11,core
62871,cluster_11,core
210743,cluster_11,core
309759,cluster_11,core
309360,cluster_11,core
46546,cluster_11,core
52398,cluster_11,core
46080,cluster_11,core
46720,cluster_11,core
9248,cluster_11,core
308446,cluster_11,core
48712,cluster_11,core
51050,cluster_11,core
47565,cluster_11,core
309303,cluster_11,core
200730,cluster_11,core
308404,cluster_11,core
240478,cluster_11,core
46106,cluster_11,core
194291,cluster_11,core
47319,cluster_11,core
50143,cluster_11,core
208120,cluster_11,core
42367,cluster_11,core
197993,cluster_11,core
49359,cluster_11,core
52679,cluster_11,core
47803,cluster_11,core
62712,cluster_11,core
314694,cluster_11,core
871929,cluster_11,core
2473,cluster_11,core
45873,cluster_11,core
45482,cluster_11,core
208156,cluster_11,core
44419,cluster_11,core
312935,cluster_11,core
447177,cluster_11,core
46939,cluster_11,core
46004,cluster_11,core
823195,cluster_11,core
42209,cluster_11,core
446283,cluster_11,core
49425,cluster_11,core
240785,cluster_11,core
477279,cluster_11,core
46086,cluster_11,core
47810,cluster_11,core
201299,cluster_11,core
52834,cluster_11,core
48777,cluster_11,core
45871,cluster_11,core
9257,cluster_11,core
46066,cluster_11,core
47641,cluster_11,core
42207,cluster_11,core
240221,cluster_11,core
240539,cluster_11,core
449608,cluster_11,core
309371,cluster_11,core
447276,cluster_11,core
658718,cluster_11,core
771064,cluster_11,core
39631,cluster_11,core
62937,cluster_11,core
255274,cluster_11,core
240291,cluster_11,core
451986,cluster_11,core
52547,cluster_11,core
49364,cluster_11,core
48649,cluster_11,core
309345,cluster_11,core
42510,cluster_11,core
42253,cluster_11,core
194582,cluster_11,core
47286,cluster_11,core
240128,cluster_11,core
449424,cluster_11,core
240970,cluster_11,core
194432,cluster_11,core
310232,cluster_11,core
853980,cluster_11,core
251269,cluster_11,core
317989,cluster_11,core
309753,cluster_11,core
48846,cluster_11,core
316175,cluster_11,core
205922,cluster_11,core
309513,cluster_11,core
45856,cluster_11,core
670815,cluster_11,core
890331,cluster_11,core
308566,cluster_11,core
46058,cluster_11,core
57502,cluster_11,core
62677,cluster_11,core
188765,cluster_11,core
308405,cluster_11,core
771036,cluster_11,core
318604,cluster_11,core
314197,cluster_11,core
199335,cluster_11,core
46047,cluster_11,core
309380,cluster_11,core
310195,cluster_11,core
671536,cluster_11,core
446886,cluster_11,core
47448,cluster_11,core
37454,cluster_11,core
310494,cluster_11,core
448424,cluster_11,core
447146,cluster_11,core
308406,cluster_11,core
313101,cluster_11,core
62551,cluster_11,core
309495,cluster_11,core
53856,cluster_11,core
47158,cluster_11,core
240122,cluster_11,core
45833,cluster_11,core
186687,cluster_11,core
308382,cluster_11,core
47677,cluster_11,core
447130,cluster_11,core
50236,cluster_11,core
36446,cluster_11,core
240739,cluster_11,core
45857,cluster_11,core
253052,cluster_11,core
310363,cluster_11,core
207124,cluster_11,core
202581,cluster_11,core
451873,cluster_11,core
14371,cluster_11,core
445270,cluster_11,core
315682,cluster_11,core
310231,cluster_11,core
37457,cluster_11,core
447275,cluster_11,core
62697,cluster_11,core
62642,cluster_11,core
771063,cluster_11,core
9386,cluster_11,core
47106,cluster_11,core
447277,cluster_11,core
46773,cluster_11,core
50315,cluster_11,core
478437,cluster_11,core
308515,cluster_11,core
451865,cluster_11,core
310654,cluster_11,core
475753,cluster_11,core
239963,cluster_11,core
666592,cluster_11,core
37543,cluster_11,core
309389,cluster_11,core
309502,cluster_11,core
445241,cluster_11,core
310521,cluster_11,core
313309,cluster_11,core
254957,cluster_11,core
447137,cluster_11,core
309137,cluster_11,core
309325,cluster_11,core
312157,cluster_11,core
447291,cluster_11,core
314628,cluster_11,core
245573,cluster_11,core
309508,cluster_11,core
2647,cluster_11,core
446269,cluster_11,core
447176,cluster_11,core
197232,cluster_11,core
17732,cluster_11,core
447080,cluster_11,core
309497,cluster_11,core
308520,cluster_11,core
240790,cluster_11,core
309752,cluster_11,core
48281,cluster_11,core
313305,cluster_11,core
62609,cluster_11,core
256203,cluster_11,core
444503,cluster_11,core
207775,cluster_11,core
308565,cluster_11,core
446264,cluster_11,core
313307,cluster_11,core
308403,cluster_11,core
308541,cluster_11,core
308608,cluster_11,core
500028,cluster_11,core
314692,cluster_11,core
250091,cluster_11,core
50765,cluster_11,core
198707,cluster_11,core
52656,cluster_11,core
310497,cluster_11,core
309373,cluster_11,core
314690,cluster_11,core
308513,cluster_11,core
309338,cluster_11,core
309760,cluster_11,core
309437,cluster_11,core
308439,cluster_11,core
309504,cluster_11,core
203299,cluster_11,core
48211,cluster_11,core
309332,cluster_11,core
308533,cluster_11,core
308514,cluster_11,core
308545,cluster_11,core
308388,cluster_11,core
244860,cluster_11,core
310662,cluster_11,core
310520,cluster_11,core
257671,cluster_11,core
309447,cluster_11,core
309518,cluster_11,core
447290,cluster_11,core
308549,cluster_11,core
49318,cluster_11,core
49335,cluster_11,core
248502,cluster_11,core
318603,cluster_11,core
44688,cluster_11,core
308538,cluster_11,core
9353,cluster_11,core
240109,cluster_11,core
315176,cluster_11,core
309323,cluster_11,core
308556,cluster_11,core
194232,cluster_11,core
314693,cluster_11,core
240328,cluster_11,core
444876,cluster_11,core
309440,cluster_11,core
310198,cluster_11,core
307870,cluster_11,core
52712,cluster_11,core
309519,cluster_11,core
240442,cluster_11,core
308885,cluster_11,core
318617,cluster_11,core
477270,cluster_11,core
49298,cluster_11,core
308413,cluster_11,core
310523,cluster_11,core
309331,cluster_11,core
309379,cluster_11,core
308525,cluster_11,core
308550,cluster_11,core
310203,cluster_11,core
447617,cluster_11,core
45862,cluster_11,core
202193,cluster_11,core
447072,cluster_11,core
309370,cluster_11,core
201762,cluster_11,core
309129,cluster_11,core
316720,cluster_11,core
47185,cluster_11,core
309324,cluster_11,core
308411,cluster_11,core
309326,cluster_11,core
318475,cluster_11,core
199542,cluster_11,core
309446,cluster_11,core
208181,cluster_11,core
310522,cluster_11,core
309372,cluster_11,core
308544,cluster_11,core
309523,cluster_11,core
308387,cluster_11,core
310207,cluster_11,core
62707,cluster_11,core
310202,cluster_11,core
310194,cluster_11,core
308557,cluster_11,core
310201,cluster_11,core
309304,cluster_11,core
307873,cluster_11,core
46868,cluster_11,core
307473,cluster_11,core
313009,cluster_11,core
309355,cluster_11,core
201054,cluster_11,core
310673,cluster_11,core
309344,cluster_11,core
309357,cluster_11,core
318605,cluster_11,core
