cluster,cluster_type,count,closest_object_id,closest_dist_to_centroid,closest_object_ids_top5,closest_object_id_1,closest_object_id_2,closest_object_id_3,closest_object_id_4,closest_object_id_5,centroid_json
cluster_0,outliers,126,207145,13.941980325334333,"[""207145"", ""308349"", ""2737"", ""309746"", ""308555""]",207145,308349,2737,309746,308555,"[0.173112, 0.233661, 0.16953, 0.079169, 0.05657, 0.094982, 0.057297, -0.00294, 0.017672, -0.076559, -0.044966, -0.125828, -0.140407, -0.17244, -0.305897, -0.312913, -0.370881, -0.377412, -0.381916, -0.392844, -0.396777, -0.433281, -0.429906, -0.447097, -0.501748, -0.44749, -0.457224, -0.509838, -0.525213, -0.49109, -0.489686, -0.474096, -0.452076, -0.458399, -0.458237, -0.474873, -0.49061, -0.489282, -0.525609, -0.508779, -0.505792, -0.517731, -0.548006, -0.568854, -0.587906, -0.538974, -0.547246, -0.495638, -0.520185, -0.541815, -0.551057, -0.553546, -0.592349, -0.626274, -0.643656, -0.589836, -0.592385, -0.615445, -0.640023, -0.67073, -0.625072, -0.370842, -0.053971, 0.137364, -0.020505, 0.077871, 0.031683, 0.018639, -0.095239, -0.194072, -0.29382, -0.30857, -0.374905, -0.285345, -0.398387, -0.345587, -0.383081, -0.362578, -0.377653, -0.339542, -0.309124, -0.353764, -0.365766, -0.470979, -0.522753, -0.542756, -0.507828, -0.527785, -0.550705, -0.549365, -0.559316, -0.595882, -0.613139, -0.638567, -0.6541, -0.662493, -0.672552, -0.684885, -0.70333, -0.730768, -0.698751, -0.710338, -0.732933, -0.74687, -0.758137, -0.750179, -0.812346, -0.812352, -0.806041, -0.801134, -0.766558, -0.797633, -0.795672, -0.795228, -0.806257, -0.834894, -0.890645, -0.926111, -0.91438, -0.909152, -0.788857, -0.788991, -0.730141, -0.690878, -0.621243, -0.528065, -0.380943, -0.069293, 0.032229, 0.105663, 0.122909, 0.134227, 0.143616, 0.153749, 0.157169, 0.123084, 0.131545, 0.108776, 0.084964, 0.067779, 0.059489, 0.04962, 0.040308, 0.027334, 0.021494, 0.022995, 0.024626, 0.030552, 0.049194, 0.070525, 0.093214, 0.124318, 0.169195, 0.214945, 0.265287, 0.332804, 0.418047, 0.458018, 0.472322, 0.466871, 0.47022, 0.450034, 0.421761, 0.369579, 0.307868, 0.244734, 0.183968, 0.135335, 0.101788, 0.07293, 0.0457, 0.023853, 0.005767, -0.004137, -0.007813, -0.006806, 0.010181, 0.018151, 0.028671, 0.040655, 0.039677, 0.057857, 0.075203, 0.095943, 0.10521, 0.143462, 0.160422, 0.14972, 0.117964, 0.107962, 0.109345, 0.083414, -0.008969, -0.044821, -0.046376, -0.035683, -0.011498, 0.001146, 0.00318, 0.003469, 0.004508, -0.003271, 0.002168, 0.003179, -0.017883, -0.020094, -0.032459, -0.047436, -0.050699, -0.047142, -0.045328, -0.032876, -0.016115, 0.009019, 0.057582, 0.142316, 0.2259, 0.310026, 0.415263, 0.486017, 0.528835, 0.542326, 0.524431, 0.519133, 0.512858, 0.489768, 0.468316, 0.42212, 0.356002, 0.29277, 0.204176, 0.123712, 0.061611, 0.011907, -0.021554, -0.044141, -0.058586, -0.06592, -0.073392, -0.08477, -0.091251, -0.070639, -0.07249, -0.076709, -0.071094, -0.059134, -0.049837, -0.048486, -0.044205, -0.047789, -0.039533, -0.021677, -0.034342, -0.017381, -0.033745, -0.059058, 0.24195, 0.24195, 1.813218, 1.813218, -1.013112, -1.004275, 1.494698, -1.000606, -0.463803, 1.85862, 1.516811, 1.976905, 0.115521, 0.336884, -0.445223, -0.25426, -0.514514, -0.493522, -0.05478, 2.956318, -0.451509, 0.086241, 0.57298, 2.342152, 1.218357, 0.814729, -0.07583, 0.13546, 0.020622, -0.109101, 0.491293, 0.399593, -0.120522, 0.937063, 0.937063, 0.907179, 0.683922, 0.683922, 0.824071, 0.824071, 0.33034]"
cluster_1,weird_cluster,171,50355,10.032986669824512,"[""50355"", ""771068"", ""463709"", ""72420"", ""309747""]",50355,771068,463709,72420,309747,"[-0.289979, -0.336189, -0.45797, -0.608384, -0.804152, -0.858023, -0.992717, -1.039132, -1.017974, -0.891031, -0.874365, -0.867742, -0.794711, -0.872238, -0.928426, -0.902424, -0.868556, -0.82224, -0.838315, -0.872005, -0.888217, -0.87105, -0.90747, -0.91137, -0.887438, -0.892358, -0.888372, -0.87922, -0.850114, -0.862056, -0.906926, -0.937249, -0.950456, -0.950879, -0.935582, -0.916039, -0.913364, -0.895323, -0.880794, -0.87452, -0.865152, -0.866779, -0.861956, -0.857726, -0.857737, -0.848929, -0.843113, -0.832958, -0.831044, -0.822845, -0.821019, -0.825921, -0.827209, -0.810128, -0.788818, -0.812631, -0.813744, -0.776472, -0.772457, -0.758898, -0.729571, -0.698135, -0.591466, -0.237364, 0.340215, 0.099268, 0.013426, -0.18256, -0.434282, -0.567752, -0.649069, -0.75128, -0.854419, -0.893709, -0.873228, -0.866783, -0.880763, -0.905146, -0.943916, -0.95313, -0.914905, -0.898204, -0.863116, -0.950254, -0.958277, -0.939757, -0.934607, -0.924917, -0.909371, -0.881518, -0.865802, -0.853664, -0.886403, -0.888292, -0.877279, -0.898938, -0.905293, -0.900153, -0.879833, -0.872121, -0.858933, -0.874532, -0.868137, -0.86107, -0.864482, -0.868421, -0.86416, -0.862898, -0.857105, -0.844173, -0.845418, -0.83882, -0.830086, -0.823015, -0.817512, -0.823235, -0.823224, -0.836071, -0.834495, -0.817212, -0.819212, -0.800645, -0.814003, -0.837661, -0.844815, -0.787555, -0.712656, 0.042036, -0.061941, -0.085082, -0.077312, -0.072917, -0.058848, -0.074918, -0.056274, -0.070494, -0.091337, -0.096351, -0.094955, -0.094885, -0.085037, -0.082444, -0.083713, -0.082586, -0.079462, -0.075212, -0.068104, -0.063459, -0.050976, -0.032832, -0.015919, 0.001135, 0.02594, 0.05303, 0.091566, 0.126509, 0.163972, 0.191874, 0.201526, 0.207532, 0.209899, 0.208875, 0.191852, 0.162806, 0.127565, 0.094514, 0.054838, 0.026067, 0.002236, -0.016072, -0.031818, -0.042826, -0.053945, -0.058873, -0.066581, -0.066454, -0.066862, -0.071735, -0.067413, -0.070548, -0.063251, -0.05356, -0.050045, -0.052273, -0.046068, -0.053458, -0.066481, -0.081629, -0.103708, -0.110971, -0.117375, -0.094906, 0.080265, 0.158088, 0.176387, 0.186849, 0.143424, 0.138528, 0.10607, 0.082126, 0.046941, 0.016717, -0.008306, -0.033833, -0.057524, -0.06445, -0.080055, -0.093872, -0.095526, -0.09613, -0.097118, -0.09369, -0.085482, -0.074909, -0.057679, -0.032268, -0.005093, 0.013154, 0.040066, 0.047274, 0.063032, 0.06719, 0.076228, 0.076365, 0.077052, 0.079304, 0.078775, 0.068779, 0.059148, 0.041332, 0.013655, -0.008733, -0.028306, -0.056184, -0.072606, -0.083938, -0.090068, -0.095728, -0.091798, -0.089067, -0.086794, -0.083849, -0.063966, -0.047596, -0.03257, -0.012662, 0.001265, 0.028211, 0.050692, 0.073855, 0.107128, 0.114661, 0.126974, 0.152385, 0.148028, 0.109067, 0.919558, 0.919558, 1.221295, 1.221295, 0.038909, 0.047945, 1.321051, 0.10348, -0.13086, 0.602818, 0.33561, 0.787863, 0.719384, 0.847869, -0.042857, 0.484531, -0.640063, -0.49594, -0.014092, 1.206301, -0.929808, 0.527759, 0.083445, 0.927317, 1.177985, 1.057615, -0.249927, 0.347217, 0.206498, -0.049061, 0.034001, 0.036296, -0.013395, 0.954944, 0.954944, 0.756968, 0.805836, 0.805836, 0.893338, 0.893338, 0.247945]"
cluster_10,core,685,48665,2.9685899453709124,"[""48665"", ""42249"", ""47315"", ""48597"", ""46517""]",48665,42249,47315,48597,46517,"[-0.019522, 0.06488, 0.189895, 0.314355, 0.38731, 0.441951, 0.497925, 0.536904, 0.555953, 0.57108, 0.585156, 0.615554, 0.642647, 0.667481, 0.691046, 0.693479, 0.691202, 0.687482, 0.684386, 0.689521, 0.694793, 0.705739, 0.714368, 0.723877, 0.739791, 0.744093, 0.760926, 0.782865, 0.805266, 0.831508, 0.866837, 0.897677, 0.930502, 0.963926, 0.99657, 1.03258, 1.069638, 1.10629, 1.14361, 1.171692, 1.199565, 1.223008, 1.24259, 1.25821, 1.267886, 1.270568, 1.273957, 1.269546, 1.266824, 1.258435, 1.248446, 1.236186, 1.219503, 1.189247, 1.14903, 1.094076, 1.042327, 0.971974, 0.904355, 0.836065, 0.750348, 0.62323, 0.450672, 0.04453, -0.029511, 0.072067, 0.164796, 0.278044, 0.362385, 0.426308, 0.474781, 0.511124, 0.55879, 0.573725, 0.60213, 0.63, 0.655272, 0.668867, 0.688606, 0.695505, 0.692723, 0.689481, 0.682345, 0.69968, 0.704014, 0.709041, 0.712891, 0.723629, 0.739668, 0.74946, 0.767069, 0.786336, 0.813722, 0.842552, 0.870239, 0.904077, 0.941969, 0.974848, 1.007406, 1.042465, 1.072327, 1.107685, 1.142449, 1.17193, 1.197431, 1.216663, 1.240293, 1.253989, 1.263448, 1.267698, 1.267179, 1.263107, 1.255814, 1.245863, 1.234039, 1.22343, 1.206984, 1.177858, 1.139618, 1.090177, 1.02441, 0.948993, 0.869256, 0.801949, 0.722938, 0.591861, 0.425244, 0.073884, 0.009366, 0.004439, 0.001543, -0.000252, -0.003575, -0.005985, -0.007934, -0.007569, -0.011898, -0.01311, -0.013723, -0.020249, -0.026072, -0.028587, -0.031034, -0.027276, -0.019552, -0.007929, 0.009657, 0.021515, 0.023131, 0.016771, 0.005224, -0.012651, -0.033882, -0.053166, -0.061657, -0.065114, -0.062126, -0.063064, -0.067413, -0.06961, -0.070582, -0.068716, -0.063648, -0.065391, -0.067831, -0.064504, -0.054741, -0.032205, -0.010781, 0.008602, 0.021124, 0.021506, 0.01346, 0.003823, -0.010133, -0.021826, -0.030546, -0.032683, -0.028992, -0.024983, -0.021113, -0.018098, -0.013705, -0.01185, -0.009778, -0.007821, -0.005713, -0.003107, 0.001982, 0.004499, 0.00486, 0.006327, -0.012844, -0.016495, -0.0194, -0.019178, -0.018874, -0.021568, -0.023403, -0.025825, -0.027037, -0.026734, -0.021934, -0.021299, -0.019068, -0.017874, -0.000514, 0.024918, 0.072146, 0.136986, 0.201039, 0.244603, 0.260142, 0.260212, 0.225872, 0.172825, 0.112424, 0.070616, 0.02822, 0.005244, -0.00739, -0.013759, -0.017428, -0.020036, -0.020435, -0.016396, -0.012658, 0.000537, 0.012781, 0.035188, 0.073103, 0.11997, 0.172369, 0.226237, 0.256032, 0.254305, 0.241421, 0.197316, 0.13467, 0.072216, 0.021872, -0.000837, -0.015248, -0.017022, -0.018134, -0.018566, -0.021609, -0.022669, -0.020268, -0.018304, -0.016804, -0.015009, -0.013737, -0.015553, -0.011145, -0.008672, -1.102869, -1.102869, -0.748113, -0.748113, -0.865078, 0.00056, -1.048869, -0.497006, -0.814693, -0.189799, 0.320771, -0.258433, -1.249492, -0.992805, 0.08413, -0.393414, 0.203029, 0.161481, -0.027132, -0.404217, 0.963838, 0.244084, -0.021573, -0.311024, -0.321754, -0.292327, -0.071766, -0.076964, -0.061223, -0.030289, -0.033787, -0.045915, 0.016815, -0.284719, -0.284719, -0.234095, -0.225672, -0.225672, -0.277768, -0.277768, -0.044483]"
cluster_11,core,487,48224,3.684739473203096,"[""48224"", ""309512"", ""49859"", ""47290"", ""318602""]",48224,309512,49859,47290,318602,"[0.115576, 0.390534, 0.446214, 0.481772, 0.50467, 0.530211, 0.577023, 0.612626, 0.646174, 0.672316, 0.676729, 0.691173, 0.686178, 0.679245, 0.688921, 0.672265, 0.670991, 0.661257, 0.649407, 0.642634, 0.631728, 0.617746, 0.607753, 0.589737, 0.563154, 0.537245, 0.500992, 0.468481, 0.426395, 0.384295, 0.353891, 0.324538, 0.286383, 0.251871, 0.21543, 0.182529, 0.152023, 0.120513, 0.089001, 0.061991, 0.035797, 0.012874, -0.00743, -0.028045, -0.045701, -0.065432, -0.077043, -0.09006, -0.099948, -0.10527, -0.110247, -0.111973, -0.110279, -0.101126, -0.091283, -0.0758, -0.052111, -0.021484, 0.01665, 0.05003, 0.075971, 0.099976, 0.092453, 0.023791, 0.044015, 0.320114, 0.363501, 0.391432, 0.431666, 0.469475, 0.505213, 0.537223, 0.588257, 0.610657, 0.635291, 0.648351, 0.65998, 0.660703, 0.658511, 0.651579, 0.650118, 0.646742, 0.642719, 0.652905, 0.64503, 0.635273, 0.625413, 0.602867, 0.582312, 0.557679, 0.521844, 0.493017, 0.460609, 0.422528, 0.379624, 0.341655, 0.300754, 0.260157, 0.222452, 0.186862, 0.152199, 0.120836, 0.088747, 0.060051, 0.033994, 0.00835, -0.013424, -0.036339, -0.05538, -0.073247, -0.088023, -0.09949, -0.112026, -0.123078, -0.129766, -0.132054, -0.130799, -0.12389, -0.115008, -0.099739, -0.074203, -0.036663, 0.00313, 0.047194, 0.079186, 0.111851, 0.111516, 0.041927, 0.011018, 0.006255, 0.00341, 0.001554, -0.001775, 0.00098, 0.006763, 0.018058, 0.028761, 0.055602, 0.097614, 0.146242, 0.19518, 0.223295, 0.230727, 0.224469, 0.19252, 0.161196, 0.126631, 0.104278, 0.083508, 0.063524, 0.04643, 0.04161, 0.035042, 0.030853, 0.022975, 0.009441, -0.002186, -0.011597, -0.020585, -0.025835, -0.025914, -0.02562, -0.023701, -0.009068, 7.9e-05, 0.00693, 0.015322, 0.022569, 0.031921, 0.045461, 0.059526, 0.078562, 0.104736, 0.1273, 0.158221, 0.19425, 0.229729, 0.234425, 0.225177, 0.199294, 0.156967, 0.097646, 0.057289, 0.027749, 0.02007, 0.010459, 0.001309, -0.00124, 0.003847, 0.006349, 0.006703, 0.008017, -0.014232, -0.017449, -0.020203, -0.019901, -0.019516, -0.022684, -0.022953, -0.025935, -0.027903, -0.025545, -0.018, -0.010191, -0.001286, 0.003003, 0.005397, 0.006921, -0.011195, -0.036646, -0.051711, -0.058069, -0.063686, -0.060482, -0.053194, -0.042691, -0.031975, -0.026615, -0.02091, -0.018791, -0.019122, -0.021022, -0.022076, -0.020186, -0.020259, -0.023922, -0.023006, -0.021388, -0.018644, -0.019584, -0.02542, -0.034429, -0.044939, -0.053798, -0.058947, -0.062745, -0.061512, -0.053985, -0.041092, -0.016466, 0.006678, 0.002612, -0.004105, -0.007453, -0.012895, -0.014942, -0.02121, -0.025058, -0.023422, -0.019438, -0.017969, -0.015721, -0.014537, -0.016437, -0.012203, -0.010144, -0.388852, -0.388852, -0.278738, -0.278738, -0.20022, -0.405672, -0.320539, -0.146714, -0.094496, 0.227264, 0.066243, 0.263394, 0.067064, -0.281229, -0.523093, -0.648292, 0.210437, 0.212935, 0.04564, -0.013965, 0.343782, -0.882769, -0.011705, 0.0014, -0.114045, -0.166476, 0.159801, -0.071227, -0.056967, 0.005934, -0.025454, -0.027004, 0.023399, -0.022306, -0.022306, 0.065772, -0.053565, -0.053565, -0.003166, -0.003166, 0.002876]"
cluster_2,weird_cluster,122,197819,9.71049963679415,"[""197819"", ""308410"", ""47929"", ""196553"", ""771050""]",197819,308410,47929,196553,771050,"[0.136525, 0.263534, 0.214311, 0.058068, -0.06917, -0.245086, -0.361772, -0.439995, -0.415662, -0.359906, -0.33962, -0.299528, -0.351702, -0.385679, -0.33789, -0.306073, -0.270649, -0.233765, -0.186054, -0.187505, -0.165423, -0.142222, -0.119408, -0.093779, -0.055143, -0.016685, 0.025115, 0.066984, 0.115383, 0.155647, 0.194339, 0.2308, 0.273852, 0.318557, 0.351132, 0.382045, 0.417344, 0.454078, 0.494201, 0.515322, 0.533526, 0.550775, 0.557344, 0.57794, 0.589062, 0.605765, 0.60324, 0.592404, 0.56787, 0.537887, 0.508639, 0.46912, 0.441926, 0.401175, 0.345806, 0.288904, 0.201863, 0.174777, 0.170962, 0.194071, 0.2311, 0.212265, 0.134115, 0.184713, 0.092946, 0.246859, 0.144256, -0.058871, -0.18038, -0.221473, -0.28555, -0.301225, -0.274937, -0.223777, -0.200768, -0.192593, -0.216926, -0.220728, -0.19063, -0.188174, -0.188546, -0.161343, -0.130339, -0.084245, -0.036711, -0.001743, 0.009153, 0.043712, 0.056064, 0.088929, 0.104025, 0.142246, 0.161933, 0.193663, 0.237317, 0.287507, 0.325014, 0.352987, 0.371177, 0.409894, 0.42228, 0.453449, 0.478652, 0.50423, 0.538801, 0.547301, 0.547284, 0.553987, 0.553323, 0.552927, 0.545436, 0.5316, 0.514103, 0.50041, 0.475261, 0.432183, 0.384591, 0.359345, 0.296444, 0.198716, 0.104898, 0.068166, 0.115738, 0.119354, 0.104643, 0.051264, 0.028525, -0.216394, -0.014413, -0.03087, -0.024545, -0.02797, -0.033545, -0.043022, -0.04729, -0.052988, -0.051413, -0.071984, -0.06641, -0.069927, -0.068976, -0.073495, -0.06763, -0.061562, -0.063722, -0.064876, -0.066429, -0.054894, -0.04289, -0.039549, -0.025825, -0.020408, -0.019409, -0.00536, 0.022291, 0.042233, 0.063466, 0.088697, 0.091345, 0.092099, 0.091172, 0.104821, 0.111503, 0.102797, 0.081661, 0.052824, 0.022213, 0.01153, -0.01251, -0.02811, -0.037514, -0.04333, -0.049957, -0.063106, -0.064241, -0.055058, -0.056968, -0.044371, -0.033267, -0.017146, -0.013136, -0.042708, -0.065564, -0.063439, -0.080549, -0.056869, -0.048678, -0.039504, -0.032055, -0.025921, -0.032929, -0.021038, 0.012098, 0.027514, 0.030743, 0.047971, 0.059012, 0.076724, 0.115217, 0.165094, 0.212493, 0.285575, 0.309228, 0.330309, 0.29521, 0.242183, 0.178656, 0.151195, 0.116767, 0.087383, 0.057534, 0.026615, 0.019696, 0.029396, 0.051254, 0.074825, 0.09403, 0.099811, 0.112186, 0.116254, 0.108551, 0.123308, 0.136575, 0.136029, 0.128096, 0.137572, 0.138399, 0.126468, 0.117696, 0.126919, 0.108189, 0.089233, 0.066496, 0.036393, 0.016172, 0.007676, 0.010424, 0.023277, 0.057503, 0.089977, 0.118521, 0.146922, 0.206649, 0.237728, 0.276624, 0.275623, 0.268767, 0.247234, 0.224091, 0.148352, 0.100177, 0.07514, 0.066802, 0.044853, 0.038912, 0.021424, -0.22514, -0.22514, 1.264682, 1.264682, -1.207768, -0.94274, 0.059501, -1.095266, -0.888382, 1.584127, 1.736405, 1.446044, -0.19694, -0.240048, -0.445219, -0.25692, -0.299943, -0.167131, 0.024511, 1.207306, 0.212533, 0.726723, 0.016309, 1.157814, 0.346665, 0.37652, -0.742421, 0.247774, 0.334048, -0.858961, 0.374209, 0.638931, -0.534779, 0.568225, 0.568225, 0.718249, 0.118485, 0.118485, 0.934111, 0.934111, 0.526717]"
cluster_3,core,634,458261,3.298847946636926,"[""458261"", ""47686"", ""50777"", ""48698"", ""48424""]",458261,47686,50777,48698,48424,"[-0.004381, -0.175, -0.179754, -0.173734, -0.183132, -0.185362, -0.199739, -0.214517, -0.235824, -0.252514, -0.256842, -0.25343, -0.25122, -0.239257, -0.222974, -0.210868, -0.201697, -0.186874, -0.173108, -0.153844, -0.134247, -0.112171, -0.088777, -0.063274, -0.03665, -0.010733, 0.021648, 0.052495, 0.081569, 0.114283, 0.151832, 0.187606, 0.226057, 0.263477, 0.300626, 0.340191, 0.378871, 0.412354, 0.448343, 0.476326, 0.504284, 0.525611, 0.5451, 0.561348, 0.574259, 0.580342, 0.585096, 0.585082, 0.588756, 0.587106, 0.580288, 0.569561, 0.560327, 0.545743, 0.524544, 0.489511, 0.453058, 0.401882, 0.345548, 0.289082, 0.242358, 0.196557, 0.148579, -0.025776, -0.067489, -0.155366, -0.149037, -0.15528, -0.155354, -0.16939, -0.186721, -0.20836, -0.227511, -0.244222, -0.244127, -0.240378, -0.234651, -0.228425, -0.210675, -0.190342, -0.17709, -0.163333, -0.151686, -0.133923, -0.110592, -0.08678, -0.062947, -0.038529, -0.012817, 0.012609, 0.046122, 0.075152, 0.10948, 0.144306, 0.178563, 0.213288, 0.254509, 0.292247, 0.329377, 0.367222, 0.398315, 0.431479, 0.464787, 0.492621, 0.516966, 0.537908, 0.559847, 0.574736, 0.585183, 0.592061, 0.596111, 0.599, 0.598125, 0.595359, 0.589098, 0.578126, 0.563622, 0.546206, 0.525045, 0.490893, 0.451418, 0.397687, 0.33636, 0.281835, 0.238367, 0.196333, 0.133279, -0.018697, 0.009366, 0.003987, 0.001251, -0.000432, -0.004561, -0.009303, -0.011644, -0.012661, -0.015952, -0.015468, -0.00435, 0.004288, 0.001435, -0.004475, -0.016572, -0.034347, -0.057196, -0.081477, -0.096989, -0.110299, -0.11691, -0.120976, -0.12007, -0.114139, -0.101636, -0.092793, -0.087967, -0.083019, -0.075192, -0.069207, -0.067259, -0.066636, -0.066823, -0.068474, -0.070383, -0.076987, -0.082756, -0.088227, -0.094577, -0.102263, -0.111552, -0.118136, -0.115951, -0.110068, -0.102656, -0.091075, -0.073938, -0.056943, -0.034175, -0.013749, -0.00437, -0.005489, -0.011065, -0.016367, -0.017484, -0.017141, -0.01517, -0.011816, -0.009223, -0.004594, 0.001714, 0.004073, 0.004254, 0.006327, -0.012844, -0.015542, -0.018428, -0.018197, -0.015176, -0.010359, -0.00916, -0.00671, 0.00677, 0.025674, 0.047882, 0.080574, 0.131774, 0.174827, 0.208749, 0.211103, 0.181601, 0.138549, 0.094139, 0.05059, 0.023337, -0.004706, -0.017607, -0.020618, -0.020552, -0.016641, -0.017474, -0.016302, -0.02039, -0.020725, -0.020685, -0.021512, -0.019057, -0.018367, -0.018219, -0.018897, -0.0147, -0.012945, -0.013472, -0.01101, -0.014246, -0.01412, -0.001441, 0.025906, 0.052995, 0.096584, 0.143623, 0.18244, 0.211646, 0.210179, 0.175188, 0.140296, 0.090558, 0.053767, 0.031571, 0.012098, 0.000935, -0.002361, -0.004004, -0.009349, -0.012532, -0.014305, -0.00993, -0.008672, -0.146607, -0.146607, -0.239934, -0.239934, 0.156268, 0.531285, -0.417177, 0.372034, -0.207313, -0.229673, -0.095054, -0.294063, 0.106115, -0.380157, 0.438404, 0.192557, 0.313369, 0.264023, -0.040979, -0.181216, 0.495683, 0.703098, -0.063866, -0.134969, -0.168677, -0.122168, -0.0827, 0.055355, 0.077674, 0.010812, -0.040194, -0.058179, 0.024258, -0.073054, -0.073054, -0.032383, -0.100802, -0.100802, -0.0292, -0.0292, -0.012927]"
cluster_4,core,528,48664,1.8890723334084554,"[""48664"", ""42414"", ""47075"", ""42477"", ""46131""]",48664,42414,47075,42477,46131,"[-0.033837, 0.361556, 0.507421, 0.602439, 0.651473, 0.70088, 0.770129, 0.83603, 0.892945, 0.941866, 0.973834, 1.01891, 1.067228, 1.107862, 1.152461, 1.180934, 1.21214, 1.238507, 1.263565, 1.297052, 1.329714, 1.356716, 1.376278, 1.392783, 1.40814, 1.408995, 1.413378, 1.41251, 1.394309, 1.370087, 1.347458, 1.305792, 1.250428, 1.196851, 1.140698, 1.07522, 1.006623, 0.934688, 0.858775, 0.783515, 0.712502, 0.646194, 0.583288, 0.520547, 0.46685, 0.416496, 0.376216, 0.338836, 0.309858, 0.2833, 0.265783, 0.253884, 0.252335, 0.259895, 0.279173, 0.312299, 0.366543, 0.433828, 0.501528, 0.540047, 0.530326, 0.467162, 0.361572, 0.073882, 0.108189, 0.427023, 0.5352, 0.609838, 0.67343, 0.731346, 0.791006, 0.848419, 0.921976, 0.97128, 1.024706, 1.064341, 1.103917, 1.132321, 1.16918, 1.196177, 1.218376, 1.241195, 1.260402, 1.305827, 1.33301, 1.357087, 1.371277, 1.387997, 1.402627, 1.407416, 1.40934, 1.403746, 1.392134, 1.367555, 1.340394, 1.298925, 1.251937, 1.205381, 1.146041, 1.080797, 1.007005, 0.936333, 0.855586, 0.782673, 0.711173, 0.644138, 0.583, 0.518154, 0.46331, 0.415148, 0.372925, 0.338093, 0.307629, 0.278316, 0.258338, 0.248265, 0.247333, 0.253853, 0.272484, 0.306671, 0.355375, 0.42088, 0.481892, 0.516082, 0.504248, 0.437142, 0.340318, 0.079548, 0.009366, 0.004439, 0.001543, -0.000252, -0.003575, -0.005985, -0.007934, -0.005643, -0.009348, -0.011064, -0.011844, -0.011511, 0.001841, 0.036461, 0.097812, 0.162192, 0.231338, 0.286406, 0.318699, 0.335056, 0.338373, 0.333637, 0.324055, 0.297061, 0.26212, 0.212859, 0.145567, 0.085277, -0.004576, -0.060886, -0.068318, -0.070305, -0.069119, -0.063431, -0.03783, 0.018941, 0.091508, 0.161389, 0.232791, 0.27207, 0.302568, 0.32334, 0.330963, 0.338908, 0.338092, 0.320894, 0.287322, 0.228266, 0.158781, 0.093004, 0.031637, 0.000916, -0.012414, -0.016499, -0.011633, -0.009233, -0.007759, -0.007821, -0.005713, -0.003107, 0.001982, 0.004499, 0.00486, 0.006327, -0.012844, -0.016495, -0.0194, -0.019178, -0.018874, -0.021568, -0.023403, -0.026252, -0.029166, -0.029512, -0.026054, -0.02768, -0.029923, -0.028245, -0.025494, -0.016581, -0.005805, -0.002159, -0.007846, -0.00682, -0.008461, -0.00797, 3.6e-05, -0.000895, -0.003419, -0.010796, -0.018418, -0.023821, -0.029713, -0.035292, -0.039117, -0.039755, -0.040393, -0.039122, -0.035524, -0.030235, -0.022038, -0.015443, -0.007476, -0.003648, 0.002828, 0.001031, -0.007155, -0.009388, -0.007707, -0.009112, -0.004573, -0.00812, -0.02261, -0.026877, -0.028671, -0.028645, -0.02419, -0.022585, -0.024431, -0.024861, -0.020763, -0.018304, -0.016804, -0.015009, -0.013737, -0.015553, -0.011145, -0.008672, -1.160302, -1.160302, -0.948373, -0.948373, -0.829226, -1.2723, -0.771772, -1.161177, -0.388946, -0.165772, -0.056101, 0.120884, -1.218963, -0.876687, -1.415903, -1.452262, -0.064941, -0.065871, 0.069552, -0.41917, 0.810023, -1.422653, -0.047626, -0.322614, -0.19469, -0.116867, 0.035926, -0.126447, -0.096751, 0.035479, -0.035723, -0.03795, 0.02439, -0.304144, -0.304144, -0.265664, -0.129923, -0.129923, -0.381524, -0.381524, -0.156445]"
cluster_5,core,413,51222,3.521276135514956,"[""51222"", ""47006"", ""48216"", ""42313"", ""62998""]",51222,47006,48216,42313,62998,"[0.072229, 0.154344, 0.127033, 0.115927, 0.129464, 0.149291, 0.178562, 0.184006, 0.146104, 0.109677, 0.061127, -0.000143, -0.041601, -0.103112, -0.164188, -0.219103, -0.265752, -0.314905, -0.364397, -0.408407, -0.448021, -0.490195, -0.522683, -0.556952, -0.592141, -0.611506, -0.637713, -0.654665, -0.665329, -0.671099, -0.675327, -0.679163, -0.676842, -0.677756, -0.675702, -0.672748, -0.667353, -0.660853, -0.651694, -0.636516, -0.623567, -0.605035, -0.585843, -0.56311, -0.540408, -0.521682, -0.499659, -0.481249, -0.458732, -0.432218, -0.406114, -0.382729, -0.355564, -0.325866, -0.295041, -0.257809, -0.226694, -0.192442, -0.159502, -0.139041, -0.120448, -0.108197, -0.082482, 0.041144, 0.018297, 0.049545, 0.041379, 0.048428, 0.034857, 0.047048, 0.075809, 0.091486, 0.069462, 0.046211, 0.014429, -0.042417, -0.086982, -0.136711, -0.194421, -0.243392, -0.279511, -0.313057, -0.339105, -0.38158, -0.419227, -0.461115, -0.494757, -0.523328, -0.556565, -0.585197, -0.611367, -0.634553, -0.651402, -0.660573, -0.668515, -0.677563, -0.681367, -0.68739, -0.687618, -0.686529, -0.681029, -0.675037, -0.666837, -0.656655, -0.642342, -0.624625, -0.608338, -0.587563, -0.566239, -0.544953, -0.524361, -0.503677, -0.484344, -0.460341, -0.434071, -0.406268, -0.372804, -0.334152, -0.301524, -0.263836, -0.235544, -0.206399, -0.185138, -0.171963, -0.160484, -0.15529, -0.136794, -0.065311, 0.004368, 0.008943, 0.010729, 0.015345, 0.021077, 0.034201, 0.065783, 0.111015, 0.142749, 0.157341, 0.148823, 0.120139, 0.088729, 0.052688, 0.023224, -0.00279, -0.020841, -0.037299, -0.050457, -0.06393, -0.071324, -0.071912, -0.06886, -0.066163, -0.06272, -0.056265, -0.051998, -0.054276, -0.049594, -0.047072, -0.046484, -0.04583, -0.046051, -0.047334, -0.050708, -0.055594, -0.057928, -0.057908, -0.063427, -0.066499, -0.069242, -0.073693, -0.076291, -0.075657, -0.069717, -0.059839, -0.047602, -0.026436, -0.008698, 0.018025, 0.052129, 0.08575, 0.116508, 0.155473, 0.159498, 0.142918, 0.108024, 0.069763, 0.035277, 0.023976, 0.017912, 0.012168, 0.008203, 0.003612, -0.00488, -0.007823, -0.006305, -0.004411, 0.001609, 0.008303, 0.026275, 0.03784, 0.053464, 0.062402, 0.053704, 0.036502, 0.012968, -0.006406, -0.034644, -0.051518, -0.059558, -0.070705, -0.078933, -0.08379, -0.08259, -0.07801, -0.069149, -0.058529, -0.044521, -0.034866, -0.026318, -0.02172, -0.017534, -0.016766, -0.015429, -0.015408, -0.015308, -0.015438, -0.015917, -0.017422, -0.020925, -0.028789, -0.036695, -0.04876, -0.061761, -0.073779, -0.081932, -0.08501, -0.087537, -0.082096, -0.077908, -0.069114, -0.057952, -0.043698, -0.01728, 0.000643, 0.016131, 0.037385, 0.051499, 0.046778, 0.041667, 0.03291, 0.014041, 0.006687, 0.003966, 0.001903, 0.000615, -0.003351, 0.530845, 0.530845, 0.185472, 0.185472, 0.623992, 0.17801, 0.304467, 0.557571, 0.435895, 0.041395, -0.226185, -0.085841, 0.81508, 0.490571, 0.565663, 0.45322, 0.292593, 0.439633, 0.006861, -0.241592, -0.484694, -0.114273, 0.048845, -0.156869, -0.359263, -0.45239, 0.325547, -0.073804, -0.095693, 0.155054, -0.033027, -0.04233, 0.022469, -0.170731, -0.170731, -0.192656, -0.228181, -0.228181, -0.119231, -0.119231, 0.001073]"
cluster_6,core,232,310214,4.592341869913635,"[""310214"", ""42293"", ""308483"", ""62633"", ""57434""]",310214,42293,308483,62633,57434,"[-0.058394, -0.022482, 0.010435, 0.032, 0.08511, 0.112258, 0.083146, 0.085771, 0.055996, 0.05905, 0.056311, 0.065623, 0.091885, 0.111002, 0.086566, 0.072638, 0.035464, -0.034601, -0.066771, -0.1288, -0.218812, -0.317827, -0.421366, -0.497051, -0.588579, -0.677848, -0.75745, -0.847799, -0.925608, -0.998627, -1.08665, -1.153585, -1.236885, -1.311027, -1.389257, -1.453705, -1.510873, -1.564326, -1.616758, -1.661256, -1.69902, -1.727646, -1.750503, -1.772871, -1.787057, -1.798994, -1.811591, -1.817686, -1.820768, -1.822555, -1.819923, -1.811493, -1.805646, -1.791803, -1.762978, -1.720281, -1.678581, -1.600062, -1.505029, -1.375451, -1.203651, -0.977553, -0.699765, -0.047533, 0.034912, 0.044046, 0.056817, 0.089566, 0.17241, 0.18474, 0.167395, 0.129248, 0.09196, 0.118899, 0.112609, 0.129595, 0.122126, 0.122122, 0.113904, 0.086828, 0.042785, 0.006706, -0.048473, -0.099366, -0.177813, -0.266807, -0.372535, -0.461826, -0.558183, -0.647017, -0.746848, -0.827479, -0.913473, -0.993379, -1.07717, -1.146086, -1.250104, -1.326816, -1.400582, -1.467896, -1.522781, -1.574953, -1.627574, -1.674426, -1.716066, -1.74795, -1.775736, -1.797324, -1.814476, -1.82747, -1.83758, -1.840739, -1.842452, -1.842399, -1.839973, -1.833965, -1.823738, -1.810089, -1.789561, -1.757372, -1.715339, -1.637655, -1.532223, -1.404926, -1.235573, -0.983164, -0.656686, -0.077776, 0.184797, 0.254327, 0.281217, 0.286962, 0.308711, 0.30787, 0.285049, 0.250077, 0.232321, 0.214944, 0.189926, 0.162921, 0.136048, 0.099447, 0.058312, 0.031004, 0.012273, 0.001064, -0.001502, 0.002994, 0.015677, 0.030315, 0.038005, 0.059033, 0.069695, 0.101733, 0.141845, 0.181057, 0.227497, 0.259853, 0.266806, 0.272454, 0.270534, 0.268442, 0.250457, 0.218353, 0.182644, 0.146169, 0.108299, 0.076531, 0.05643, 0.040052, 0.030095, 0.016396, 0.008159, 0.007218, 0.013358, 0.025076, 0.035892, 0.066212, 0.103496, 0.133328, 0.159843, 0.191294, 0.215253, 0.24163, 0.272711, 0.297394, 0.331822, 0.331634, 0.313975, 0.28356, 0.263816, 0.213653, -0.175945, -0.200981, -0.202207, -0.213163, -0.22914, -0.233755, -0.237013, -0.233229, -0.228284, -0.225741, -0.220231, -0.211806, -0.198876, -0.191841, -0.185896, -0.179993, -0.169534, -0.154425, -0.1433, -0.132247, -0.12183, -0.111472, -0.102386, -0.091652, -0.077598, -0.067647, -0.060366, -0.053059, -0.046144, -0.040102, -0.035473, -0.031687, -0.031922, -0.033508, -0.038289, -0.044565, -0.054142, -0.062822, -0.070326, -0.081323, -0.093508, -0.104681, -0.114407, -0.122818, -0.135106, -0.146508, -0.1589, -0.171894, -0.183817, -0.192352, -0.20082, -0.209781, -0.221581, -0.233516, -0.245937, -0.247589, -0.257354, -0.261843, -0.260789, -0.257606, -0.250821, -0.235436, -0.240816, -0.203645, 0.938559, 0.938559, 0.524827, 0.524827, 0.755147, 0.144545, 1.65586, 0.518985, 1.177604, 0.05712, -0.460317, 0.069077, 0.89491, 1.220084, 0.210932, 0.680794, -0.322314, -1.293066, 0.058089, -0.106512, -1.264593, -0.664165, -0.022534, -0.213131, 0.016957, 0.052626, 0.169617, -0.107813, -0.081181, 0.09298, -0.032484, -0.028806, 0.028389, -0.036039, -0.036039, -0.108209, 0.049082, 0.049082, -0.069931, -0.069931, -0.063888]"
cluster_7,core,338,47695,2.8559014355039842,"[""47695"", ""856856"", ""670991"", ""42394"", ""52377""]",47695,856856,670991,42394,52377,"[-0.131818, -0.739772, -0.940476, -1.030555, -1.093103, -1.116108, -1.143677, -1.160005, -1.177001, -1.183145, -1.174914, -1.182559, -1.179961, -1.168188, -1.154825, -1.137303, -1.121963, -1.097205, -1.079627, -1.061631, -1.044587, -1.022758, -0.997612, -0.975516, -0.953319, -0.929232, -0.904934, -0.879926, -0.855386, -0.832094, -0.809954, -0.784681, -0.751192, -0.720527, -0.688646, -0.657864, -0.6303, -0.606241, -0.577245, -0.5488, -0.522894, -0.495866, -0.468077, -0.441671, -0.416011, -0.394909, -0.372854, -0.35119, -0.327992, -0.304692, -0.282612, -0.262604, -0.249132, -0.238109, -0.227038, -0.207085, -0.19969, -0.203352, -0.209722, -0.19494, -0.189954, -0.165733, -0.117099, 0.106448, -0.193519, -0.802213, -0.97841, -1.076855, -1.109425, -1.123581, -1.119467, -1.102962, -1.105271, -1.099361, -1.096369, -1.097538, -1.089777, -1.080114, -1.069606, -1.041621, -1.023861, -1.003224, -0.984635, -0.970184, -0.950086, -0.931773, -0.91042, -0.895029, -0.879616, -0.865164, -0.845341, -0.830817, -0.815633, -0.801972, -0.790134, -0.775873, -0.756233, -0.736626, -0.71548, -0.696526, -0.674003, -0.652598, -0.628642, -0.604286, -0.579159, -0.554517, -0.531105, -0.508542, -0.487998, -0.466016, -0.444202, -0.41958, -0.39799, -0.377831, -0.359747, -0.343672, -0.329325, -0.316951, -0.306865, -0.294123, -0.292195, -0.294116, -0.308328, -0.318936, -0.317979, -0.292117, -0.249461, -0.158206, -0.005877, -0.018825, -0.025887, -0.036431, -0.045997, -0.046914, -0.046492, -0.056577, -0.082956, -0.106632, -0.145685, -0.152745, -0.174102, -0.179326, -0.186819, -0.194912, -0.197487, -0.196786, -0.198561, -0.196126, -0.190245, -0.179397, -0.167876, -0.15485, -0.138861, -0.125479, -0.112059, -0.100489, -0.089168, -0.081239, -0.077033, -0.074758, -0.075201, -0.078419, -0.083538, -0.092094, -0.102294, -0.114016, -0.128345, -0.142372, -0.156126, -0.170911, -0.181963, -0.192949, -0.199372, -0.197779, -0.198127, -0.195421, -0.191905, -0.18459, -0.174585, -0.160894, -0.132357, -0.109629, -0.079496, -0.055225, -0.036923, -0.035964, -0.038172, -0.043498, -0.032978, -0.021714, -0.016995, -0.014449, 0.003024, 0.015146, 0.024524, 0.044914, 0.084908, 0.114815, 0.140933, 0.155646, 0.181432, 0.172479, 0.133276, 0.096894, 0.053294, 0.010944, -0.018648, -0.043303, -0.057567, -0.070927, -0.080151, -0.084403, -0.081245, -0.076613, -0.069255, -0.056367, -0.040802, -0.032689, -0.024408, -0.025906, -0.025263, -0.02671, -0.02675, -0.027538, -0.027786, -0.029277, -0.030877, -0.031884, -0.033597, -0.039429, -0.046657, -0.055241, -0.06842, -0.081926, -0.088343, -0.092184, -0.095091, -0.091581, -0.085692, -0.075519, -0.060112, -0.040385, -0.008143, 0.027156, 0.071979, 0.098609, 0.131011, 0.143448, 0.137464, 0.137872, 0.11505, 0.093482, 0.058651, 0.034483, 0.020936, 0.012457, 1.095148, 1.095148, 0.382501, 0.382501, 1.115002, 0.916286, 0.389702, 0.909712, 0.695056, -0.548867, -0.588756, -0.61562, 0.874564, 0.524644, 0.695322, 0.960857, 0.295671, 0.41867, -0.098706, -0.13452, -0.520197, 0.817264, -0.005325, -0.140854, -0.063742, 0.001563, -0.04647, 0.017691, -0.005467, 0.087707, -0.012917, -0.001652, 0.009141, -0.059324, -0.059324, -0.126659, -0.057148, -0.057148, -0.05857, -0.05857, -0.046171]"
cluster_8,core,317,53828,4.199627337459085,"[""53828"", ""198780"", ""52753"", ""451029"", ""57369""]",53828,198780,52753,451029,57369,"[-0.069639, -0.309648, -0.456305, -0.596572, -0.651507, -0.770139, -0.874898, -0.985358, -1.0553, -1.159787, -1.229471, -1.284838, -1.351303, -1.376779, -1.418903, -1.445047, -1.470514, -1.491231, -1.503818, -1.526304, -1.541504, -1.555644, -1.557689, -1.566513, -1.564428, -1.560178, -1.5612, -1.557299, -1.548647, -1.545911, -1.547801, -1.538227, -1.520191, -1.50841, -1.497759, -1.492483, -1.485887, -1.479346, -1.46851, -1.453387, -1.440909, -1.423563, -1.403754, -1.383474, -1.363197, -1.342325, -1.323468, -1.30435, -1.282525, -1.257722, -1.23742, -1.214254, -1.194079, -1.171508, -1.146675, -1.116504, -1.089433, -1.068341, -1.043579, -1.001505, -0.921271, -0.784761, -0.579484, -0.036943, -0.030762, -0.350446, -0.486831, -0.606423, -0.693496, -0.7855, -0.888961, -0.956811, -1.047464, -1.14129, -1.203999, -1.266474, -1.301469, -1.321906, -1.367722, -1.396238, -1.420908, -1.434965, -1.448005, -1.472463, -1.48363, -1.497459, -1.502068, -1.508235, -1.510812, -1.513744, -1.513735, -1.515661, -1.514233, -1.516164, -1.517688, -1.517261, -1.515552, -1.514512, -1.51059, -1.506991, -1.498971, -1.493489, -1.483805, -1.473855, -1.461938, -1.446562, -1.431835, -1.410531, -1.39002, -1.369345, -1.349098, -1.325767, -1.303981, -1.28203, -1.262124, -1.239211, -1.215129, -1.195946, -1.175231, -1.149895, -1.13018, -1.11032, -1.084413, -1.043256, -0.962151, -0.806501, -0.605701, -0.156195, -0.069615, -0.0908, -0.111578, -0.114258, -0.121752, -0.130338, -0.150065, -0.169169, -0.166587, -0.171508, -0.178242, -0.181321, -0.177075, -0.176267, -0.175683, -0.176472, -0.171543, -0.168727, -0.161919, -0.153937, -0.144379, -0.130547, -0.116304, -0.100149, -0.080883, -0.061367, -0.039524, -0.021466, -0.001766, 0.012403, 0.017372, 0.020432, 0.019064, 0.017731, 0.009688, -0.004657, -0.021842, -0.041484, -0.063241, -0.08371, -0.10094, -0.117161, -0.131281, -0.14525, -0.15644, -0.163896, -0.16996, -0.174866, -0.176845, -0.176673, -0.17497, -0.175744, -0.175557, -0.169586, -0.172759, -0.168646, -0.164171, -0.152459, -0.133303, -0.116661, -0.119468, -0.114122, -0.097652, -0.078961, 0.06719, 0.048732, 0.052193, 0.025149, -0.003087, -0.035694, -0.072736, -0.100024, -0.116569, -0.132935, -0.142485, -0.149169, -0.151696, -0.151395, -0.153627, -0.155848, -0.151991, -0.143199, -0.136047, -0.127438, -0.118327, -0.107931, -0.097937, -0.086352, -0.072706, -0.063583, -0.055757, -0.049551, -0.042266, -0.037091, -0.033775, -0.031882, -0.033289, -0.035648, -0.040098, -0.045772, -0.053547, -0.060592, -0.067046, -0.077856, -0.090465, -0.102071, -0.112164, -0.120343, -0.130323, -0.139742, -0.148274, -0.156057, -0.160048, -0.15982, -0.160834, -0.162988, -0.162159, -0.157936, -0.155913, -0.134052, -0.114739, -0.086812, -0.031118, 0.008557, 0.046262, 0.068752, 0.066206, 0.073136, 1.762937, 1.762937, 0.775672, 0.775672, 1.439563, 1.001837, 1.140219, 1.044097, 1.333489, -0.57567, -0.71932, -0.751781, 1.103054, 1.891195, 0.909991, 1.479641, -0.775027, -0.410933, -0.054278, -0.326932, -1.903529, 0.499574, -0.012004, -0.27703, -0.262128, -0.210635, 0.112799, -0.060195, -0.03436, 0.044769, -0.017692, -0.011024, 0.023587, -0.263823, -0.263823, -0.311855, -0.170416, -0.170416, -0.277891, -0.277891, -0.091992]"
cluster_9,core,133,449875,6.659426566548689,"[""449875"", ""651241"", ""204374"", ""194636"", ""468395""]",449875,651241,204374,194636,468395,"[0.294704, -0.218153, -0.472843, -0.667542, -0.731958, -0.86588, -0.936406, -0.986919, -1.021763, -1.062694, -1.026889, -1.074826, -1.195917, -1.167116, -1.125033, -1.090676, -1.031598, -0.978012, -0.907476, -0.826169, -0.759218, -0.70369, -0.655552, -0.624559, -0.603943, -0.594018, -0.593051, -0.593537, -0.602543, -0.61766, -0.641668, -0.665752, -0.69197, -0.711746, -0.726633, -0.745562, -0.760495, -0.769747, -0.774324, -0.775903, -0.776384, -0.771685, -0.762469, -0.7474, -0.73239, -0.716756, -0.69918, -0.679505, -0.663968, -0.648067, -0.633281, -0.613907, -0.597541, -0.586339, -0.58419, -0.603243, -0.634023, -0.692515, -0.773379, -0.864582, -0.933026, -0.980481, -0.95924, -0.708608, -0.172808, -0.282494, -0.354412, -0.399627, -0.502516, -0.634368, -0.734206, -0.865963, -0.972345, -1.094804, -1.232669, -1.366289, -1.43253, -1.453648, -1.465666, -1.510282, -1.516876, -1.499954, -1.481446, -1.461369, -1.42894, -1.393405, -1.351161, -1.311883, -1.271208, -1.224759, -1.17125, -1.116796, -1.055995, -0.998324, -0.934412, -0.869746, -0.802534, -0.738673, -0.668753, -0.602535, -0.541021, -0.478439, -0.405775, -0.350615, -0.299466, -0.247267, -0.194381, -0.137291, -0.098568, -0.06611, -0.0353, 0.008919, 0.056606, 0.10276, 0.14453, 0.18156, 0.215358, 0.249478, 0.273242, 0.295569, 0.29722, 0.285746, 0.243066, 0.208362, 0.18226, 0.198474, 0.314044, 0.56219, -0.263137, -0.251939, -0.219174, -0.192386, -0.165646, -0.127889, -0.155739, -0.155713, -0.131558, -0.115314, -0.114845, -0.120922, -0.126647, -0.128626, -0.143164, -0.154316, -0.155677, -0.147372, -0.141277, -0.135375, -0.130913, -0.117644, -0.103808, -0.088228, -0.066887, -0.046329, -0.0216, 0.000561, 0.027479, 0.046705, 0.057356, 0.0646, 0.069138, 0.07065, 0.061562, 0.044938, 0.023003, -0.001634, -0.027711, -0.047361, -0.06467, -0.081337, -0.096166, -0.104092, -0.114158, -0.121608, -0.1303, -0.139455, -0.149119, -0.159265, -0.171629, -0.181705, -0.194028, -0.201249, -0.213387, -0.210691, -0.212587, -0.206268, -0.204211, -0.210215, -0.224106, -0.22475, -0.22134, -0.213914, 0.278917, 0.322622, 0.313282, 0.29554, 0.274585, 0.254836, 0.243122, 0.236047, 0.114343, 0.024163, -0.002662, -0.024277, -0.053583, -0.07289, -0.095788, -0.111763, -0.120246, -0.124633, -0.125626, -0.124944, -0.119707, -0.115209, -0.109414, -0.103245, -0.093528, -0.085351, -0.078245, -0.069852, -0.058494, -0.04824, -0.037358, -0.028204, -0.018633, -0.011485, -0.004334, 0.003283, 0.011161, 0.010177, 0.015235, 0.006541, -0.005104, -0.014239, -0.022769, -0.024223, -0.018679, -0.00233, 0.015471, 0.041538, 0.067916, 0.094272, 0.141631, 0.159098, 0.200454, 0.220244, 0.242256, 0.273995, 0.282931, 0.274691, 0.239055, 0.213828, 0.212151, 0.202901, 0.206775, 0.213304, 0.933575, 0.933575, 1.022032, 1.022032, 0.233642, 0.234083, 0.917292, 0.315726, 0.144432, 0.448123, 0.03594, 0.578584, 0.725681, 0.754053, -0.161894, 0.537639, -0.717213, -0.54411, 0.196963, 1.258884, -0.803294, 1.090337, -0.08781, 0.92485, 2.537733, 2.495532, -0.347259, 0.609041, 0.480841, -0.077034, -0.017553, -0.0358, 0.038459, 1.839603, 1.839603, 1.534541, 1.736403, 1.736403, 1.613309, 1.613309, 0.231085]"
