objectID,hue_group,mean_hue,distance_to_anchor,hue_weight,mean_saturation,swatches_used,used_source_fallback,source_manual_groups
46871,blue,220.0065,0.0065,0.241228,0.336185,3,False,"[""blue""]"
49352,blue,219.8661,0.1339,0.351429,0.502838,4,False,"[""blue""]"
46024,blue,220.4052,0.4052,0.338041,0.404755,5,False,"[""blue""]"
46331,blue,219.5391,0.4609,0.657414,0.675438,7,False,"[""blue""]"
45915,blue,218.5714,1.4286,0.02584,0.142857,1,False,"[""blue""]"
451349,blue,218.14,1.86,0.493578,0.501606,7,False,"[""blue""]"
46530,blue,222.323,2.323,0.433506,0.491411,4,False,"[""blue""]"
47295,blue,217.6688,2.3312,0.4581,0.479776,5,False,"[""blue""]"
48647,blue,217.4288,2.5712,0.303148,0.313994,5,False,"[""blue""]"
444495,blue,217.3383,2.6617,0.249926,0.521192,4,False,"[""blue""]"
460717,blue,216.842,3.158,0.775114,0.830794,5,False,"[""blue""]"
446217,blue,216.6956,3.3044,0.117068,0.195068,3,False,"[""blue""]"
460715,blue,216.4688,3.5312,0.574155,0.629132,5,False,"[""blue""]"
42740,blue,223.6953,3.6953,0.660932,0.67894,5,False,"[""blue""]"
42216,blue,215.6123,4.3877,0.49991,0.517742,7,False,"[""blue""]"
50848,blue,215.5867,4.4133,0.347231,0.398861,5,False,"[""blue""]"
444508,blue,215.0721,4.9279,0.319732,0.605564,3,False,"[""blue""]"
448448,blue,214.989,5.011,0.271712,0.289332,5,False,"[""blue""]"
42213,blue,214.4145,5.5855,0.345295,0.358372,7,False,"[""blue""]"
46923,blue,225.6077,5.6077,0.588472,0.631583,4,False,"[""blue""]"
46927,blue,214.0792,5.9208,0.555196,0.692326,4,False,"[""blue""]"
450460,blue,212.7273,7.2727,0.003323,0.102804,1,False,"[""blue_green_family""]"
708306,blue,212.4056,7.5944,0.613348,0.626656,7,False,"[""blue""]"
194291,blue,228.7469,8.7469,0.406617,0.45071,4,False,"[""blue""]"
444481,blue,228.7903,8.7903,0.501892,0.686354,4,False,"[""blue""]"
53765,blue,210.8825,9.1175,0.466417,0.497538,7,False,"[""cyan""]"
48254,blue,229.728,9.728,0.10455,0.151121,4,False,"[""blue_green_family""]"
771030,blue,231.5604,11.5604,0.288072,0.539334,3,False,"[""blue""]"
52916,blue,208.3354,11.6646,0.142985,0.151472,3,False,"[""blue""]"
46071,blue,207.2775,12.7225,0.211803,0.305421,4,False,"[""blue""]"
46962,blue,206.9243,13.0757,0.771844,0.798923,6,False,"[""blue""]"
48565,blue,233.7951,13.7951,0.069357,0.124302,3,False,"[""blue_green_family""]"
42212,blue,205.9081,14.0919,0.262013,0.281069,6,False,"[""blue""]"
46016,blue,205.538,14.462,0.451988,0.508664,4,False,"[""blue""]"
770951,blue,205.0611,14.9389,0.412853,0.869675,3,False,"[""cyan""]"
49850,blue,204.5558,15.4442,0.457485,0.466412,7,False,"[""blue""]"
52739,blue,204.0,16.0,0.238446,0.370937,2,False,"[""blue_green_family""]"
62559,blue,202.3521,17.6479,0.369007,0.400663,5,False,"[""blue""]"
448430,blue,237.8112,17.8112,0.203215,0.328074,3,False,"[""blue""]"
447072,blue,237.8178,17.8178,0.052963,0.200523,3,False,"[""blue_green_family""]"
46921,blue,201.829,18.171,0.853897,0.896158,5,False,"[""blue""]"
15595,blue,201.8047,18.1953,0.733934,0.762362,5,False,"[""blue""]"
49351,blue,201.2683,18.7317,0.182657,0.190305,5,False,"[""blue""]"
46809,blue,201.0523,18.9477,0.28228,0.382341,4,False,"[""cyan""]"
46124,blue,200.8641,19.1359,0.827087,0.861258,6,False,"[""blue""]"
770946,blue,200.5809,19.4191,0.628508,0.840138,5,False,"[""cyan""]"
45992,blue,200.4112,19.5888,0.787367,0.830176,4,False,"[""blue""]"
50942,blue,239.6044,19.6044,0.32186,0.378869,3,False,"[""blue""]"
51041,blue,199.3803,20.6197,0.122296,0.135833,2,False,"[""blue""]"
42413,blue,199.0889,20.9111,0.124978,0.131482,6,False,"[""blue""]"
449063,blue,198.4716,21.5284,0.239739,0.297125,4,False,"[""blue""]"
48331,blue,198.2269,21.7731,0.863621,0.895834,6,False,"[""blue""]"
46634,blue,198.2198,21.7802,0.251172,0.26382,6,False,"[""blue""]"
76452,blue,198.1967,21.8033,0.192904,0.250999,4,False,"[""blue""]"
771028,blue,197.8807,22.1193,0.821344,0.91901,4,False,"[""cyan""]"
46979,blue,197.8374,22.1626,0.401854,0.429639,4,False,"[""blue""]"
770913,blue,197.5746,22.4254,0.516231,0.87501,4,False,"[""cyan""]"
46025,blue,196.9839,23.0161,0.79683,0.814836,6,False,"[""cyan""]"
771081,blue,196.8671,23.1329,0.805733,0.909759,5,False,"[""cyan""]"
46068,blue,196.8634,23.1366,0.637166,0.654624,7,False,"[""cyan""]"
770916,blue,196.773,23.227,0.549573,0.857482,4,False,"[""cyan""]"
47373,blue,196.5236,23.4764,0.764285,0.785558,6,False,"[""cyan""]"
770914,blue,196.503,23.497,0.544262,0.885657,4,False,"[""cyan""]"
47290,blue,196.5023,23.4977,0.749254,0.772728,6,False,"[""cyan""]"
46081,blue,243.5283,23.5283,0.033803,0.166452,4,False,"[""blue""]"
451362,blue,196.2336,23.7664,0.790254,0.837582,6,False,"[""cyan""]"
48661,blue,196.2181,23.7819,0.797522,0.814049,6,False,"[""cyan""]"
770931,blue,196.0979,23.9021,0.574341,0.870202,4,False,"[""cyan""]"
670806,blue,195.6915,24.3085,0.511425,0.529956,7,False,"[""cyan""]"
450459,blue,244.6321,24.6321,0.313154,0.599285,3,False,"[""blue""]"
47305,blue,195.2328,24.7672,0.914049,0.944129,5,False,"[""cyan""]"
770971,blue,194.7671,25.2329,0.617514,0.96022,2,False,"[""cyan""]"
45986,blue,194.5915,25.4085,0.731939,0.765696,5,False,"[""blue""]"
447138,blue,245.5622,25.5622,0.155807,0.22466,4,False,"[""blue""]"
658676,blue,193.8507,26.1493,0.764475,0.764475,8,False,"[""cyan""]"
451361,blue,193.5771,26.4229,0.755243,0.802138,6,False,"[""cyan""]"
771066,blue,193.4727,26.5273,0.76145,0.843296,4,False,"[""cyan""]"
46557,blue,193.1839,26.8161,0.007612,0.115108,2,False,"[""celadon"",""blue_green_family""]"
208036,blue,246.9015,26.9015,0.175481,0.21897,5,False,"[""blue""]"
448441,blue,193.0078,26.9922,0.629993,0.638424,5,False,"[""cyan""]"
451363,blue,192.9802,27.0198,0.723177,0.831598,5,False,"[""cyan""]"
770977,blue,192.3621,27.6379,0.510553,0.84706,4,False,"[""cyan""]"
771026,blue,191.6179,28.3821,0.643706,0.902266,5,False,"[""cyan""]"
51218,blue,191.6087,28.3913,0.488288,0.488288,8,False,"[""cyan""]"
48566,blue,191.1755,28.8245,0.738251,0.779842,5,False,"[""blue""]"
42468,blue,190.176,29.824,0.199919,0.204905,7,False,"[""blue""]"
3469,blue,189.9941,30.0059,0.099471,0.205411,4,False,"[""blue_green_family""]"
47439,blue,189.9235,30.0765,0.789637,0.816471,6,False,"[""cyan""]"
46029,blue,189.8949,30.1051,0.739767,0.756058,6,False,"[""blue""]"
46959,blue,189.8211,30.1789,0.727198,0.749955,7,False,"[""cyan""]"
46620,blue,189.7014,30.2986,0.332574,0.400701,5,False,"[""cyan""]"
206107,blue,189.3938,30.6062,0.319121,0.794995,3,False,"[""cyan""]"
46044,blue,189.2611,30.7389,0.466844,0.508538,7,False,"[""cyan""]"
670804,blue,189.0825,30.9175,0.550126,0.855093,5,False,"[""cyan""]"
451364,blue,188.9254,31.0746,0.48557,0.523371,6,False,"[""cyan""]"
46077,blue,188.751,31.249,0.285058,0.505321,5,False,"[""cyan""]"
42477,blue,188.3242,31.6758,0.095077,0.1049,6,False,"[""blue_green_family"",""blue_green_family""]"
448671,blue,187.9338,32.0662,0.427365,0.442065,7,False,"[""blue""]"
47375,blue,187.7905,32.2095,0.873754,0.901488,6,False,"[""cyan""]"
454767,blue,187.4585,32.5415,0.646557,0.695474,6,False,"[""cyan""]"
453996,blue,186.9683,33.0317,0.805705,0.813674,7,False,"[""cyan""]"
42414,blue,186.9662,33.0338,0.171526,0.175466,7,False,"[""blue_green_family""]"
46946,blue,186.7814,33.2186,0.69579,0.71794,7,False,"[""cyan""]"
770939,blue,186.0955,33.9045,0.573045,0.831747,4,False,"[""cyan""]"
202218,blue,185.9514,34.0486,0.324513,0.807794,4,False,"[""cyan""]"
451621,blue,185.7963,34.2037,0.314257,0.357603,5,False,"[""cyan""]"
447137,blue,254.4828,34.4828,0.018928,0.25,1,False,"[""blue""]"
447617,blue,185.513,34.487,0.836488,0.836488,8,False,"[""cyan""]"
47944,blue,184.8569,35.1431,0.199037,0.285078,5,False,"[""blue_green_family""]"
446908,blue,184.5567,35.4433,0.360213,0.415353,6,False,"[""cyan""]"
57517,blue,184.5332,35.4668,0.123053,0.140015,6,False,"[""celadon""]"
451365,blue,183.4651,36.5349,0.723917,0.731667,7,False,"[""cyan""]"
449508,blue,182.167,37.833,0.275594,0.53058,5,False,"[""blue_green_family""]"
448395,blue,182.0733,37.9267,0.757093,0.789198,7,False,"[""cyan""]"
444488,blue,181.8877,38.1123,0.121515,0.153984,6,False,"[""blue""]"
658718,blue,181.672,38.328,0.604209,0.604209,8,False,"[""cyan""]"
450747,blue,181.1846,38.8154,0.371174,0.391306,6,False,"[""cyan""]"
460664,blue,180.9399,39.0601,0.105414,0.150576,4,False,"[""celadon""]"
451200,blue,180.3765,39.6235,0.738676,0.738676,8,False,"[""cyan""]"
451352,blue,179.7855,40.2145,0.723877,0.732272,7,False,"[""cyan""]"
452610,blue,179.4706,40.5294,0.245547,0.254181,6,False,"[""cyan""]"
446652,blue,178.7526,41.2474,0.316759,0.345845,6,False,"[""cyan""]"
451618,blue,178.5716,41.4284,0.236433,0.288661,6,False,"[""cyan""]"
47657,blue,177.9446,42.0554,0.285041,0.43482,5,False,"[""blue""]"
192803,blue,176.7112,43.2888,0.48881,0.741875,4,False,"[""cyan""]"
47434,blue,176.6971,43.3029,0.353887,0.37902,6,False,"[""cyan""]"
450929,blue,176.6505,43.3495,0.10521,0.206979,4,False,"[""blue_green_family""]"
445289,blue,175.902,44.098,0.328684,0.35736,5,False,"[""cyan""]"
468394,green,130.0,0.0,0.003279,0.122449,1,False,"[""blue_green_family""]"
42285,green,129.9197,0.0803,0.056535,0.122251,3,False,"[""celadon""]"
46956,green,130.8119,0.8119,0.231186,0.259641,5,False,"[""green""]"
42268,green,131.7349,1.7349,0.140218,0.181547,6,False,"[""blue_green_family""]"
52659,green,131.9461,1.9461,0.055545,0.109622,3,False,"[""blue_green_family""]"
47157,green,132.0,2.0,0.000723,0.09901,1,False,"[""blue_green_family""]"
42476,green,132.6896,2.6896,0.089267,0.109808,4,False,"[""celadon""]"
50742,green,126.9637,3.0363,0.429953,0.442188,6,False,"[""green""]"
49920,green,133.4565,3.4565,0.136495,0.158394,5,False,"[""celadon""]"
46353,green,125.6577,4.3423,0.146724,0.294972,5,False,"[""green""]"
42293,green,125.3342,4.6658,0.026659,0.103214,2,False,"[""blue_green_family""]"
451635,green,125.2524,4.7476,0.017658,0.198094,2,False,"[""blue_green_family""]"
47401,green,124.8989,5.1011,0.079681,0.096593,4,False,"[""celadon""]"
50354,green,124.7429,5.2571,0.092299,0.11441,4,False,"[""celadon""]"
46830,green,135.5571,5.5571,0.442152,0.476078,6,False,"[""green""]"
48677,green,135.9302,5.9302,0.255309,0.327135,5,False,"[""green""]"
449497,green,136.3636,6.3636,0.004608,0.096491,1,False,"[""blue_green_family""]"
46712,green,136.3688,6.3688,0.089578,0.112622,4,False,"[""celadon""]"
45919,green,123.4678,6.5322,0.062195,0.119487,5,False,"[""blue_green_family""]"
46055,green,136.6164,6.6164,0.492471,0.532828,4,False,"[""green""]"
46919,green,136.7591,6.7591,0.316026,0.328649,6,False,"[""green""]"
46527,green,137.2786,7.2786,0.214907,0.228011,5,False,"[""green""]"
46544,green,122.6038,7.3962,0.115925,0.124245,5,False,"[""celadon""]"
42486,green,122.4087,7.5913,0.041775,0.089114,4,False,"[""celadon""]"
46938,green,137.7611,7.7611,0.253698,0.328334,5,False,"[""green""]"
468391,green,122.1058,7.8942,0.003935,0.124633,2,False,"[""blue_green_family""]"
453047,green,137.9891,7.9891,0.324329,0.349236,7,False,"[""green""]"
460659,green,138.0,8.0,0.005702,0.087719,1,False,"[""blue_green_family""]"
50738,green,138.0921,8.0921,0.119574,0.155744,5,False,"[""celadon""]"
51050,green,138.1321,8.1321,0.147335,0.159761,5,False,"[""celadon""]"
207776,green,138.5221,8.5221,0.065515,0.204784,4,False,"[""blue_green_family""]"
50356,green,120.9548,9.0452,0.118608,0.143415,5,False,"[""celadon""]"
447276,green,139.4439,9.4439,0.106602,0.143138,5,False,"[""celadon""]"
48489,green,120.0072,9.9928,0.098556,0.10678,4,False,"[""celadon""]"
449078,green,120.0,10.0,0.001303,0.086957,1,False,"[""blue_green_family""]"
46953,green,140.065,10.065,0.420839,0.519838,5,False,"[""green""]"
51045,green,140.2917,10.2917,0.141446,0.174392,4,False,"[""celadon""]"
468382,green,119.2757,10.7243,0.060329,0.154855,3,False,"[""blue_green_family""]"
46916,green,142.1862,12.1862,0.288724,0.339138,5,False,"[""green""]"
51217,green,117.7518,12.2482,0.120934,0.13124,6,False,"[""blue_green_family""]"
46130,green,117.737,12.263,0.081994,0.28664,3,False,"[""green""]"
46989,green,142.3524,12.3524,0.45139,0.470515,6,False,"[""green""]"
448975,green,142.4274,12.4274,0.080172,0.162353,2,False,"[""celadon""]"
46955,green,142.5771,12.5771,0.273893,0.284259,7,False,"[""green""]"
46537,green,143.0124,13.0124,0.078375,0.090034,4,False,"[""celadon"",""blue_green_family""]"
42447,green,143.1208,13.1208,0.065651,0.093448,3,False,"[""celadon"",""blue_green_family""]"
73635,green,116.4363,13.5637,0.335474,0.350273,7,False,"[""green""]"
452853,green,143.9031,13.9031,0.052325,0.136608,3,False,"[""celadon""]"
194644,green,116.0342,13.9658,0.241734,0.52406,5,False,"[""green""]"
73676,green,144.4008,14.4008,0.044059,0.091248,2,False,"[""blue_green_family"",""blue_green_family""]"
46614,green,144.4538,14.4538,0.633936,0.669448,5,False,"[""green""]"
46548,green,115.2879,14.7121,0.042672,0.120517,4,False,"[""celadon""]"
46930,green,145.0789,15.0789,0.660166,0.692878,6,False,"[""green""]"
46957,green,145.1602,15.1602,0.439581,0.467453,7,False,"[""green""]"
452034,green,114.8186,15.1814,0.05555,0.125668,3,False,"[""blue_green_family""]"
48552,green,145.2267,15.2267,0.389867,0.437432,5,False,"[""green""]"
52679,green,145.3384,15.3384,0.079832,0.101852,3,False,"[""celadon""]"
46535,green,145.3411,15.3411,0.741602,0.759335,7,False,"[""green""]"
448186,green,145.716,15.716,0.076832,0.153159,4,False,"[""blue_green_family""]"
52656,green,145.7448,15.7448,0.079589,0.139779,3,False,"[""blue_green_family""]"
448976,green,146.2939,16.2939,0.045031,0.223566,2,False,"[""blue_green_family""]"
48310,green,146.3121,16.3121,0.599916,0.630016,5,False,"[""green""]"
453308,green,146.3879,16.3879,0.830234,0.849347,5,False,"[""green""]"
47556,green,146.8758,16.8758,0.509058,0.559477,6,False,"[""green""]"
51049,green,113.0571,16.9429,0.048202,0.106533,3,False,"[""celadon""]"
52252,green,112.9995,17.0005,0.037242,0.094264,3,False,"[""blue_green_family""]"
50357,green,147.2727,17.2727,0.001506,0.083333,1,False,"[""blue_green_family"",""blue_green_family""]"
48602,green,147.3483,17.3483,0.582939,0.600054,6,False,"[""green""]"
771015,green,112.3,17.7,0.201023,0.373333,3,False,"[""green""]"
48562,green,148.1154,18.1154,0.101266,0.107594,6,False,"[""celadon""]"
42246,green,111.8762,18.1238,0.06864,0.122916,6,False,"[""celadon""]"
449010,green,148.162,18.162,0.180953,0.285108,4,False,"[""green""]"
194590,green,148.274,18.274,0.694916,0.711488,6,False,"[""green""]"
770975,green,111.6281,18.3719,0.129378,0.155717,4,False,"[""celadon""]"
46517,green,148.7236,18.7236,0.360864,0.390744,5,False,"[""green""]"
769061,green,148.8418,18.8418,0.303139,0.314303,7,False,"[""green""]"
460681,green,149.192,19.192,0.355786,0.462939,5,False,"[""green""]"
48859,green,149.9768,19.9768,0.036064,0.190958,2,False,"[""green""]"
461224,green,109.6948,20.3052,0.199982,0.22616,6,False,"[""green""]"
45882,green,150.6058,20.6058,0.64592,0.667062,5,False,"[""green""]"
465831,green,109.0456,20.9544,0.248956,0.267285,6,False,"[""green""]"
42222,green,151.0928,21.0928,0.294079,0.672798,3,False,"[""green""]"
42416,green,108.8198,21.1802,0.133199,0.143608,6,False,"[""celadon""]"
770973,green,108.678,21.322,0.04168,0.093685,3,False,"[""blue_green_family""]"
48781,green,151.3344,21.3344,0.555178,0.738152,4,False,"[""green""]"
447275,green,151.4244,21.4244,0.083186,0.152233,5,False,"[""blue_green_family""]"
48712,green,108.5441,21.4559,0.052109,0.178594,3,False,"[""blue_green_family""]"
468400,green,107.9171,22.0829,0.02434,0.228384,2,False,"[""blue_green_family""]"
46941,green,152.1186,22.1186,0.505758,0.522781,6,False,"[""green""]"
444480,green,152.3382,22.3382,0.028228,0.265337,2,False,"[""blue_green_family""]"
851661,green,107.3682,22.6318,0.025844,0.097852,4,False,"[""blue_green_family"",""blue_green_family""]"
46947,green,152.7165,22.7165,0.433018,0.528139,4,False,"[""green""]"
42247,green,107.2798,22.7202,0.070762,0.106023,3,False,"[""celadon"",""blue_green_family""]"
477815,green,107.1685,22.8315,0.014434,0.190251,2,False,"[""green""]"
468381,green,107.1327,22.8673,0.027196,0.144018,2,False,"[""blue_green_family""]"
454610,green,107.0954,22.9046,0.028906,0.223666,2,False,"[""blue_green_family""]"
42301,green,106.792,23.208,0.133738,0.139834,6,False,"[""celadon""]"
52611,green,153.3442,23.3442,0.091262,0.149948,3,False,"[""celadon""]"
46929,green,153.6872,23.6872,0.505422,0.526305,6,False,"[""green""]"
770970,green,106.2467,23.7533,0.127567,0.153834,4,False,"[""celadon""]"
46965,green,153.8827,23.8827,0.724264,0.780286,6,False,"[""green""]"
448969,green,105.8954,24.1046,0.00994,0.15448,2,False,"[""blue_green_family""]"
50834,green,105.2118,24.7882,0.103137,0.22723,4,False,"[""celadon""]"
48333,green,105.0,25.0,0.000728,0.090909,1,False,"[""green""]"
46918,green,155.1856,25.1856,0.46918,0.549407,4,False,"[""green""]"
451946,green,155.2617,25.2617,0.135596,0.301743,4,False,"[""blue_green_family""]"
45844,green,155.3138,25.3138,0.290728,0.393402,3,False,"[""green""]"
46943,green,156.0831,26.0831,0.451745,0.472663,6,False,"[""green""]"
468399,green,103.7997,26.2003,0.047891,0.259555,2,False,"[""green""]"
45938,green,156.2143,26.2143,0.009407,0.181127,2,False,"[""green""]"
42228,green,156.947,26.947,0.601172,0.614808,7,False,"[""green""]"
468398,green,102.2837,27.7163,0.114739,0.360574,3,False,"[""green""]"
46546,green,157.7441,27.7441,0.495307,0.520533,5,False,"[""green""]"
45904,green,158.1999,28.1999,0.392792,0.446831,5,False,"[""green""]"
47072,green,101.5851,28.4149,0.037695,0.283197,4,False,"[""blue_green_family""]"
50349,green,159.0044,29.0044,0.197178,0.213664,5,False,"[""celadon""]"
52081,green,100.7279,29.2721,0.078928,0.126175,4,False,"[""celadon""]"
52036,green,159.3277,29.3277,0.607826,0.634368,6,False,"[""green""]"
51179,green,100.3136,29.6864,0.061073,0.446901,2,False,"[""green""]"
449708,green,99.9962,30.0038,0.036175,0.239607,3,False,"[""green""]"
445270,green,160.0448,30.0448,0.135695,0.183614,5,False,"[""blue_green_family""]"
46961,green,160.8551,30.8551,0.569065,0.590917,6,False,"[""green""]"
48726,green,97.8947,32.1053,0.003096,0.197917,1,False,"[""blue_green_family""]"
651289,green,97.8947,32.1053,0.001588,0.475,1,False,"[""green""]"
446195,green,162.4429,32.4429,0.112999,0.25422,4,False,"[""blue_green_family""]"
50235,green,162.6031,32.6031,0.094592,0.147973,3,False,"[""celadon""]"
48346,green,163.4543,33.4543,0.737169,0.767071,4,False,"[""green""]"
46920,green,163.628,33.628,0.610165,0.639226,5,False,"[""green""]"
447139,green,163.862,33.862,0.038883,0.111221,5,False,"[""cyan""]"
446269,green,163.8867,33.8867,0.158121,0.255684,4,False,"[""blue_green_family""]"
447277,green,164.8242,34.8242,0.293878,0.360909,5,False,"[""green""]"
46150,green,165.2841,35.2841,0.839881,0.846854,7,False,"[""green""]"
452082,green,165.4577,35.4577,0.304151,0.346431,6,False,"[""green""]"
42510,green,93.9232,36.0768,0.211462,0.211462,8,False,"[""celadon""]"
47566,green,93.6532,36.3468,0.115096,0.195373,3,False,"[""green""]"
42192,green,93.1433,36.8567,0.135574,0.155096,7,False,"[""blue_green_family""]"
452735,green,166.915,36.915,0.038912,0.187691,3,False,"[""blue_green_family""]"
451397,green,166.9644,36.9644,0.386959,0.43296,4,False,"[""green""]"
451622,green,167.0149,37.0149,0.088213,0.301996,3,False,"[""blue_green_family""]"
50773,green,92.6077,37.3923,0.070773,0.091146,4,False,"[""blue_green_family"",""blue_green_family""]"
48462,green,92.3114,37.6886,0.241245,0.246785,7,False,"[""celadon""]"
48314,green,167.9726,37.9726,0.16283,0.166681,7,False,"[""celadon""]"
39590,green,91.7216,38.2784,0.083871,0.100788,3,False,"[""celadon""]"
445230,green,168.3873,38.3873,0.22997,0.26714,6,False,"[""green""]"
771016,green,168.4471,38.4471,0.452836,0.77319,3,False,"[""green""]"
46865,green,169.4834,39.4834,0.427732,0.460746,6,False,"[""green""]"
890331,green,169.581,39.581,0.169374,0.280021,4,False,"[""blue_green_family""]"
451763,green,171.4324,41.4324,0.19842,0.209187,6,False,"[""blue""]"
449686,green,172.3535,42.3535,0.308347,0.318342,6,False,"[""green""]"
670813,green,173.662,43.662,0.230761,0.366085,5,False,"[""blue_green_family""]"
46165,green,174.4074,44.4074,0.451494,0.488788,5,False,"[""cyan""]"
448686,green,174.4899,44.4899,0.025601,0.154748,2,False,"[""blue_green_family""]"
449129,green,174.5732,44.5732,0.250495,0.257248,7,False,"[""cyan""]"
449559,green,85.2748,44.7252,0.214971,0.363408,5,False,"[""green""]"
468396,green,82.8644,47.1356,0.16446,0.346928,5,False,"[""green""]"
51106,green,82.3704,47.6296,0.23988,0.264798,5,False,"[""green""]"
468397,green,80.689,49.311,0.325536,0.325536,8,False,"[""green""]"
52065,green,79.8522,50.1478,0.125659,0.167776,2,False,"[""green""]"
52610,green,79.8216,50.1784,0.481991,0.506854,6,False,"[""green""]"
57434,green,79.6021,50.3979,0.190411,0.198411,7,False,"[""celadon""]"
9336,green,79.5314,50.4686,0.310614,0.316535,7,False,"[""celadon""]"
52936,green,78.9987,51.0013,0.026452,0.106956,2,False,"[""blue_green_family"",""blue_green_family""]"
39609,green,78.8508,51.1492,0.173252,0.193267,6,False,"[""celadon""]"
51067,green,76.5141,53.4859,0.011318,0.140157,3,False,"[""blue_green_family""]"
468395,green,74.4708,55.5292,0.384383,0.413651,5,False,"[""green""]"
48461,green,74.1455,55.8545,0.053952,0.183007,3,False,"[""celadon""]"
48334,green,73.8756,56.1244,0.103671,0.319715,3,False,"[""green""]"
49856,green,73.3333,56.6667,0.020751,0.09375,1,False,"[""blue_green_family"",""blue_green_family""]"
37540,green,,999.0,0.0,0.0,0,True,"[""green""]"
42308,green,,999.0,0.0,0.0,0,True,"[""blue_green_family""]"
42432,green,,999.0,0.0,0.0,0,True,"[""blue_green_family""]"
42479,green,,999.0,0.0,0.0,0,True,"[""blue_green_family""]"
45929,green,,999.0,0.0,0.0,0,True,"[""green""]"
46519,green,,999.0,0.0,0.0,0,True,"[""blue_green_family""]"
46623,green,,999.0,0.0,0.0,0,True,"[""blue_green_family""]"
46654,green,,999.0,0.0,0.0,0,True,"[""blue_green_family""]"
46667,green,,999.0,0.0,0.0,0,True,"[""blue_green_family""]"
46913,green,,999.0,0.0,0.0,0,True,"[""blue_green_family""]"
47412,green,,999.0,0.0,0.0,0,True,"[""blue_green_family""]"
47443,green,,999.0,0.0,0.0,0,True,"[""blue_green_family""]"
47990,green,,999.0,0.0,0.0,0,True,"[""green""]"
48156,green,,999.0,0.0,0.0,0,True,"[""celadon""]"
48343,green,,999.0,0.0,0.0,0,True,"[""green""]"
48800,green,,999.0,0.0,0.0,0,True,"[""celadon""]"
49204,green,,999.0,0.0,0.0,0,True,"[""green""]"
49359,green,,999.0,0.0,0.0,0,True,"[""blue_green_family""]"
50036,green,,999.0,0.0,0.0,0,True,"[""blue_green_family""]"
50783,green,,999.0,0.0,0.0,0,True,"[""green""]"
50971,green,,999.0,0.0,0.0,0,True,"[""green""]"
53798,green,,999.0,0.0,0.0,0,True,"[""blue_green_family""]"
62571,green,,999.0,0.0,0.0,0,True,"[""green""]"
62722,green,,999.0,0.0,0.0,0,True,"[""blue_green_family""]"
63942,green,,999.0,0.0,0.0,0,True,"[""green""]"
74243,green,,999.0,0.0,0.0,0,True,"[""blue_green_family""]"
188777,green,,999.0,0.0,0.0,0,True,"[""blue_green_family""]"
250238,green,,999.0,0.0,0.0,0,True,"[""blue_green_family""]"
309521,green,,999.0,0.0,0.0,0,True,"[""blue_green_family""]"
449428,green,,999.0,0.0,0.0,0,True,"[""blue_green_family""]"
479661,green,,999.0,0.0,0.0,0,True,"[""blue_green_family""]"
479662,green,,999.0,0.0,0.0,0,True,"[""green""]"
625629,green,,999.0,0.0,0.0,0,True,"[""blue_green_family""]"
770974,green,,999.0,0.0,0.0,0,True,"[""blue_green_family""]"
