objectID,manual_recluster_cluster,manual_recluster_k,manual_recluster_label,source_manual_groups,feature_version
3469,1,3,blue_green_combined,"[""blue_green_family""]",lab_slots_ab_hist_rel_v2_manual_recluster_k3
9336,1,3,blue_green_combined,"[""celadon""]",lab_slots_ab_hist_rel_v2_manual_recluster_k3
15595,2,3,blue_green_combined,"[""blue""]",lab_slots_ab_hist_rel_v2_manual_recluster_k3
37540,1,3,blue_green_combined,"[""green""]",lab_slots_ab_hist_rel_v2_manual_recluster_k3
39590,1,3,blue_green_combined,"[""celadon""]",lab_slots_ab_hist_rel_v2_manual_recluster_k3
39609,1,3,blue_green_combined,"[""celadon""]",lab_slots_ab_hist_rel_v2_manual_recluster_k3
42192,1,3,blue_green_combined,"[""blue_green_family""]",lab_slots_ab_hist_rel_v2_manual_recluster_k3
42212,2,3,blue_green_combined,"[""blue""]",lab_slots_ab_hist_rel_v2_manual_recluster_k3
42213,2,3,blue_green_combined,"[""blue""]",lab_slots_ab_hist_rel_v2_manual_recluster_k3
42216,2,3,blue_green_combined,"[""blue""]",lab_slots_ab_hist_rel_v2_manual_recluster_k3
42222,0,3,blue_green_combined,"[""green""]",lab_slots_ab_hist_rel_v2_manual_recluster_k3
42228,0,3,blue_green_combined,"[""green""]",lab_slots_ab_hist_rel_v2_manual_recluster_k3
42246,1,3,blue_green_combined,"[""celadon""]",lab_slots_ab_hist_rel_v2_manual_recluster_k3
42247,1,3,blue_green_combined,"[""celadon"",""blue_green_family""]",lab_slots_ab_hist_rel_v2_manual_recluster_k3
42268,1,3,blue_green_combined,"[""blue_green_family""]",lab_slots_ab_hist_rel_v2_manual_recluster_k3
42285,1,3,blue_green_combined,"[""celadon""]",lab_slots_ab_hist_rel_v2_manual_recluster_k3
42293,1,3,blue_green_combined,"[""blue_green_family""]",lab_slots_ab_hist_rel_v2_manual_recluster_k3
42301,1,3,blue_green_combined,"[""celadon""]",lab_slots_ab_hist_rel_v2_manual_recluster_k3
42308,1,3,blue_green_combined,"[""blue_green_family""]",lab_slots_ab_hist_rel_v2_manual_recluster_k3
42413,1,3,blue_green_combined,"[""blue""]",lab_slots_ab_hist_rel_v2_manual_recluster_k3
42414,1,3,blue_green_combined,"[""blue_green_family""]",lab_slots_ab_hist_rel_v2_manual_recluster_k3
42416,1,3,blue_green_combined,"[""celadon""]",lab_slots_ab_hist_rel_v2_manual_recluster_k3
42432,1,3,blue_green_combined,"[""blue_green_family""]",lab_slots_ab_hist_rel_v2_manual_recluster_k3
42447,1,3,blue_green_combined,"[""celadon"",""blue_green_family""]",lab_slots_ab_hist_rel_v2_manual_recluster_k3
42468,1,3,blue_green_combined,"[""blue""]",lab_slots_ab_hist_rel_v2_manual_recluster_k3
42476,1,3,blue_green_combined,"[""celadon""]",lab_slots_ab_hist_rel_v2_manual_recluster_k3
42477,1,3,blue_green_combined,"[""blue_green_family"",""blue_green_family""]",lab_slots_ab_hist_rel_v2_manual_recluster_k3
42479,1,3,blue_green_combined,"[""blue_green_family""]",lab_slots_ab_hist_rel_v2_manual_recluster_k3
42486,1,3,blue_green_combined,"[""celadon""]",lab_slots_ab_hist_rel_v2_manual_recluster_k3
42510,1,3,blue_green_combined,"[""celadon""]",lab_slots_ab_hist_rel_v2_manual_recluster_k3
42740,2,3,blue_green_combined,"[""blue""]",lab_slots_ab_hist_rel_v2_manual_recluster_k3
45844,1,3,blue_green_combined,"[""green""]",lab_slots_ab_hist_rel_v2_manual_recluster_k3
45882,0,3,blue_green_combined,"[""green""]",lab_slots_ab_hist_rel_v2_manual_recluster_k3
45904,0,3,blue_green_combined,"[""green""]",lab_slots_ab_hist_rel_v2_manual_recluster_k3
45915,1,3,blue_green_combined,"[""blue""]",lab_slots_ab_hist_rel_v2_manual_recluster_k3
45919,1,3,blue_green_combined,"[""blue_green_family""]",lab_slots_ab_hist_rel_v2_manual_recluster_k3
45929,1,3,blue_green_combined,"[""green""]",lab_slots_ab_hist_rel_v2_manual_recluster_k3
45938,1,3,blue_green_combined,"[""green""]",lab_slots_ab_hist_rel_v2_manual_recluster_k3
45986,2,3,blue_green_combined,"[""blue""]",lab_slots_ab_hist_rel_v2_manual_recluster_k3
45992,2,3,blue_green_combined,"[""blue""]",lab_slots_ab_hist_rel_v2_manual_recluster_k3
46016,2,3,blue_green_combined,"[""blue""]",lab_slots_ab_hist_rel_v2_manual_recluster_k3
46024,2,3,blue_green_combined,"[""blue""]",lab_slots_ab_hist_rel_v2_manual_recluster_k3
46025,2,3,blue_green_combined,"[""cyan""]",lab_slots_ab_hist_rel_v2_manual_recluster_k3
46029,2,3,blue_green_combined,"[""blue""]",lab_slots_ab_hist_rel_v2_manual_recluster_k3
46044,0,3,blue_green_combined,"[""cyan""]",lab_slots_ab_hist_rel_v2_manual_recluster_k3
46055,0,3,blue_green_combined,"[""green""]",lab_slots_ab_hist_rel_v2_manual_recluster_k3
46068,2,3,blue_green_combined,"[""cyan""]",lab_slots_ab_hist_rel_v2_manual_recluster_k3
46071,1,3,blue_green_combined,"[""blue""]",lab_slots_ab_hist_rel_v2_manual_recluster_k3
46077,0,3,blue_green_combined,"[""cyan""]",lab_slots_ab_hist_rel_v2_manual_recluster_k3
46081,2,3,blue_green_combined,"[""blue""]",lab_slots_ab_hist_rel_v2_manual_recluster_k3
46124,2,3,blue_green_combined,"[""blue""]",lab_slots_ab_hist_rel_v2_manual_recluster_k3
46130,0,3,blue_green_combined,"[""green""]",lab_slots_ab_hist_rel_v2_manual_recluster_k3
46150,0,3,blue_green_combined,"[""green""]",lab_slots_ab_hist_rel_v2_manual_recluster_k3
46165,0,3,blue_green_combined,"[""cyan""]",lab_slots_ab_hist_rel_v2_manual_recluster_k3
46331,2,3,blue_green_combined,"[""blue""]",lab_slots_ab_hist_rel_v2_manual_recluster_k3
46353,0,3,blue_green_combined,"[""green""]",lab_slots_ab_hist_rel_v2_manual_recluster_k3
46517,1,3,blue_green_combined,"[""green""]",lab_slots_ab_hist_rel_v2_manual_recluster_k3
46519,1,3,blue_green_combined,"[""blue_green_family""]",lab_slots_ab_hist_rel_v2_manual_recluster_k3
46527,1,3,blue_green_combined,"[""green""]",lab_slots_ab_hist_rel_v2_manual_recluster_k3
46530,2,3,blue_green_combined,"[""blue""]",lab_slots_ab_hist_rel_v2_manual_recluster_k3
46535,0,3,blue_green_combined,"[""green""]",lab_slots_ab_hist_rel_v2_manual_recluster_k3
46537,1,3,blue_green_combined,"[""celadon"",""blue_green_family""]",lab_slots_ab_hist_rel_v2_manual_recluster_k3
46544,1,3,blue_green_combined,"[""celadon""]",lab_slots_ab_hist_rel_v2_manual_recluster_k3
46546,0,3,blue_green_combined,"[""green""]",lab_slots_ab_hist_rel_v2_manual_recluster_k3
46548,1,3,blue_green_combined,"[""celadon""]",lab_slots_ab_hist_rel_v2_manual_recluster_k3
46557,1,3,blue_green_combined,"[""celadon"",""blue_green_family""]",lab_slots_ab_hist_rel_v2_manual_recluster_k3
46614,0,3,blue_green_combined,"[""green""]",lab_slots_ab_hist_rel_v2_manual_recluster_k3
46620,2,3,blue_green_combined,"[""cyan""]",lab_slots_ab_hist_rel_v2_manual_recluster_k3
46623,1,3,blue_green_combined,"[""blue_green_family""]",lab_slots_ab_hist_rel_v2_manual_recluster_k3
46634,1,3,blue_green_combined,"[""blue""]",lab_slots_ab_hist_rel_v2_manual_recluster_k3
46654,1,3,blue_green_combined,"[""blue_green_family""]",lab_slots_ab_hist_rel_v2_manual_recluster_k3
46667,1,3,blue_green_combined,"[""blue_green_family""]",lab_slots_ab_hist_rel_v2_manual_recluster_k3
46712,1,3,blue_green_combined,"[""celadon""]",lab_slots_ab_hist_rel_v2_manual_recluster_k3
46809,1,3,blue_green_combined,"[""cyan""]",lab_slots_ab_hist_rel_v2_manual_recluster_k3
46830,0,3,blue_green_combined,"[""green""]",lab_slots_ab_hist_rel_v2_manual_recluster_k3
46865,0,3,blue_green_combined,"[""green""]",lab_slots_ab_hist_rel_v2_manual_recluster_k3
46871,2,3,blue_green_combined,"[""blue""]",lab_slots_ab_hist_rel_v2_manual_recluster_k3
46913,1,3,blue_green_combined,"[""blue_green_family""]",lab_slots_ab_hist_rel_v2_manual_recluster_k3
46916,1,3,blue_green_combined,"[""green""]",lab_slots_ab_hist_rel_v2_manual_recluster_k3
46918,0,3,blue_green_combined,"[""green""]",lab_slots_ab_hist_rel_v2_manual_recluster_k3
46919,1,3,blue_green_combined,"[""green""]",lab_slots_ab_hist_rel_v2_manual_recluster_k3
46920,0,3,blue_green_combined,"[""green""]",lab_slots_ab_hist_rel_v2_manual_recluster_k3
46921,2,3,blue_green_combined,"[""blue""]",lab_slots_ab_hist_rel_v2_manual_recluster_k3
46923,2,3,blue_green_combined,"[""blue""]",lab_slots_ab_hist_rel_v2_manual_recluster_k3
46927,2,3,blue_green_combined,"[""blue""]",lab_slots_ab_hist_rel_v2_manual_recluster_k3
46929,0,3,blue_green_combined,"[""green""]",lab_slots_ab_hist_rel_v2_manual_recluster_k3
46930,0,3,blue_green_combined,"[""green""]",lab_slots_ab_hist_rel_v2_manual_recluster_k3
46938,0,3,blue_green_combined,"[""green""]",lab_slots_ab_hist_rel_v2_manual_recluster_k3
46941,0,3,blue_green_combined,"[""green""]",lab_slots_ab_hist_rel_v2_manual_recluster_k3
46943,0,3,blue_green_combined,"[""green""]",lab_slots_ab_hist_rel_v2_manual_recluster_k3
46946,0,3,blue_green_combined,"[""cyan""]",lab_slots_ab_hist_rel_v2_manual_recluster_k3
46947,0,3,blue_green_combined,"[""green""]",lab_slots_ab_hist_rel_v2_manual_recluster_k3
46953,0,3,blue_green_combined,"[""green""]",lab_slots_ab_hist_rel_v2_manual_recluster_k3
46955,0,3,blue_green_combined,"[""green""]",lab_slots_ab_hist_rel_v2_manual_recluster_k3
46956,1,3,blue_green_combined,"[""green""]",lab_slots_ab_hist_rel_v2_manual_recluster_k3
46957,0,3,blue_green_combined,"[""green""]",lab_slots_ab_hist_rel_v2_manual_recluster_k3
46959,0,3,blue_green_combined,"[""cyan""]",lab_slots_ab_hist_rel_v2_manual_recluster_k3
46961,0,3,blue_green_combined,"[""green""]",lab_slots_ab_hist_rel_v2_manual_recluster_k3
46962,2,3,blue_green_combined,"[""blue""]",lab_slots_ab_hist_rel_v2_manual_recluster_k3
46965,0,3,blue_green_combined,"[""green""]",lab_slots_ab_hist_rel_v2_manual_recluster_k3
46979,2,3,blue_green_combined,"[""blue""]",lab_slots_ab_hist_rel_v2_manual_recluster_k3
46989,0,3,blue_green_combined,"[""green""]",lab_slots_ab_hist_rel_v2_manual_recluster_k3
47072,1,3,blue_green_combined,"[""blue_green_family""]",lab_slots_ab_hist_rel_v2_manual_recluster_k3
47157,1,3,blue_green_combined,"[""blue_green_family""]",lab_slots_ab_hist_rel_v2_manual_recluster_k3
47290,2,3,blue_green_combined,"[""cyan""]",lab_slots_ab_hist_rel_v2_manual_recluster_k3
47295,2,3,blue_green_combined,"[""blue""]",lab_slots_ab_hist_rel_v2_manual_recluster_k3
47305,2,3,blue_green_combined,"[""cyan""]",lab_slots_ab_hist_rel_v2_manual_recluster_k3
47373,2,3,blue_green_combined,"[""cyan""]",lab_slots_ab_hist_rel_v2_manual_recluster_k3
47375,2,3,blue_green_combined,"[""cyan""]",lab_slots_ab_hist_rel_v2_manual_recluster_k3
47401,1,3,blue_green_combined,"[""celadon""]",lab_slots_ab_hist_rel_v2_manual_recluster_k3
47412,1,3,blue_green_combined,"[""blue_green_family""]",lab_slots_ab_hist_rel_v2_manual_recluster_k3
47434,0,3,blue_green_combined,"[""cyan""]",lab_slots_ab_hist_rel_v2_manual_recluster_k3
47439,2,3,blue_green_combined,"[""cyan""]",lab_slots_ab_hist_rel_v2_manual_recluster_k3
47443,1,3,blue_green_combined,"[""blue_green_family""]",lab_slots_ab_hist_rel_v2_manual_recluster_k3
47556,0,3,blue_green_combined,"[""green""]",lab_slots_ab_hist_rel_v2_manual_recluster_k3
47566,1,3,blue_green_combined,"[""green""]",lab_slots_ab_hist_rel_v2_manual_recluster_k3
47657,1,3,blue_green_combined,"[""blue""]",lab_slots_ab_hist_rel_v2_manual_recluster_k3
47944,1,3,blue_green_combined,"[""blue_green_family""]",lab_slots_ab_hist_rel_v2_manual_recluster_k3
47990,1,3,blue_green_combined,"[""green""]",lab_slots_ab_hist_rel_v2_manual_recluster_k3
48156,1,3,blue_green_combined,"[""celadon""]",lab_slots_ab_hist_rel_v2_manual_recluster_k3
48254,1,3,blue_green_combined,"[""blue_green_family""]",lab_slots_ab_hist_rel_v2_manual_recluster_k3
48310,0,3,blue_green_combined,"[""green""]",lab_slots_ab_hist_rel_v2_manual_recluster_k3
48314,1,3,blue_green_combined,"[""celadon""]",lab_slots_ab_hist_rel_v2_manual_recluster_k3
48331,2,3,blue_green_combined,"[""blue""]",lab_slots_ab_hist_rel_v2_manual_recluster_k3
48333,1,3,blue_green_combined,"[""green""]",lab_slots_ab_hist_rel_v2_manual_recluster_k3
48334,1,3,blue_green_combined,"[""green""]",lab_slots_ab_hist_rel_v2_manual_recluster_k3
48343,1,3,blue_green_combined,"[""green""]",lab_slots_ab_hist_rel_v2_manual_recluster_k3
48346,1,3,blue_green_combined,"[""green""]",lab_slots_ab_hist_rel_v2_manual_recluster_k3
48461,1,3,blue_green_combined,"[""celadon""]",lab_slots_ab_hist_rel_v2_manual_recluster_k3
48462,1,3,blue_green_combined,"[""celadon""]",lab_slots_ab_hist_rel_v2_manual_recluster_k3
48489,1,3,blue_green_combined,"[""celadon""]",lab_slots_ab_hist_rel_v2_manual_recluster_k3
48552,0,3,blue_green_combined,"[""green""]",lab_slots_ab_hist_rel_v2_manual_recluster_k3
48562,1,3,blue_green_combined,"[""celadon""]",lab_slots_ab_hist_rel_v2_manual_recluster_k3
48565,1,3,blue_green_combined,"[""blue_green_family""]",lab_slots_ab_hist_rel_v2_manual_recluster_k3
48566,2,3,blue_green_combined,"[""blue""]",lab_slots_ab_hist_rel_v2_manual_recluster_k3
48602,0,3,blue_green_combined,"[""green""]",lab_slots_ab_hist_rel_v2_manual_recluster_k3
48647,2,3,blue_green_combined,"[""blue""]",lab_slots_ab_hist_rel_v2_manual_recluster_k3
48661,2,3,blue_green_combined,"[""cyan""]",lab_slots_ab_hist_rel_v2_manual_recluster_k3
48677,0,3,blue_green_combined,"[""green""]",lab_slots_ab_hist_rel_v2_manual_recluster_k3
48712,1,3,blue_green_combined,"[""blue_green_family""]",lab_slots_ab_hist_rel_v2_manual_recluster_k3
48726,1,3,blue_green_combined,"[""blue_green_family""]",lab_slots_ab_hist_rel_v2_manual_recluster_k3
48781,0,3,blue_green_combined,"[""green""]",lab_slots_ab_hist_rel_v2_manual_recluster_k3
48800,1,3,blue_green_combined,"[""celadon""]",lab_slots_ab_hist_rel_v2_manual_recluster_k3
48859,1,3,blue_green_combined,"[""green""]",lab_slots_ab_hist_rel_v2_manual_recluster_k3
49204,1,3,blue_green_combined,"[""green""]",lab_slots_ab_hist_rel_v2_manual_recluster_k3
49351,1,3,blue_green_combined,"[""blue""]",lab_slots_ab_hist_rel_v2_manual_recluster_k3
49352,2,3,blue_green_combined,"[""blue""]",lab_slots_ab_hist_rel_v2_manual_recluster_k3
49359,1,3,blue_green_combined,"[""blue_green_family""]",lab_slots_ab_hist_rel_v2_manual_recluster_k3
49850,2,3,blue_green_combined,"[""blue""]",lab_slots_ab_hist_rel_v2_manual_recluster_k3
49856,1,3,blue_green_combined,"[""blue_green_family"",""blue_green_family""]",lab_slots_ab_hist_rel_v2_manual_recluster_k3
49920,1,3,blue_green_combined,"[""celadon""]",lab_slots_ab_hist_rel_v2_manual_recluster_k3
50036,1,3,blue_green_combined,"[""blue_green_family""]",lab_slots_ab_hist_rel_v2_manual_recluster_k3
50235,1,3,blue_green_combined,"[""celadon""]",lab_slots_ab_hist_rel_v2_manual_recluster_k3
50349,1,3,blue_green_combined,"[""celadon""]",lab_slots_ab_hist_rel_v2_manual_recluster_k3
50354,1,3,blue_green_combined,"[""celadon""]",lab_slots_ab_hist_rel_v2_manual_recluster_k3
50356,1,3,blue_green_combined,"[""celadon""]",lab_slots_ab_hist_rel_v2_manual_recluster_k3
50357,1,3,blue_green_combined,"[""blue_green_family"",""blue_green_family""]",lab_slots_ab_hist_rel_v2_manual_recluster_k3
50738,1,3,blue_green_combined,"[""celadon""]",lab_slots_ab_hist_rel_v2_manual_recluster_k3
50742,0,3,blue_green_combined,"[""green""]",lab_slots_ab_hist_rel_v2_manual_recluster_k3
50773,1,3,blue_green_combined,"[""blue_green_family"",""blue_green_family""]",lab_slots_ab_hist_rel_v2_manual_recluster_k3
50783,1,3,blue_green_combined,"[""green""]",lab_slots_ab_hist_rel_v2_manual_recluster_k3
50834,1,3,blue_green_combined,"[""celadon""]",lab_slots_ab_hist_rel_v2_manual_recluster_k3
50848,2,3,blue_green_combined,"[""blue""]",lab_slots_ab_hist_rel_v2_manual_recluster_k3
50942,2,3,blue_green_combined,"[""blue""]",lab_slots_ab_hist_rel_v2_manual_recluster_k3
50971,1,3,blue_green_combined,"[""green""]",lab_slots_ab_hist_rel_v2_manual_recluster_k3
51041,1,3,blue_green_combined,"[""blue""]",lab_slots_ab_hist_rel_v2_manual_recluster_k3
51045,1,3,blue_green_combined,"[""celadon""]",lab_slots_ab_hist_rel_v2_manual_recluster_k3
51049,1,3,blue_green_combined,"[""celadon""]",lab_slots_ab_hist_rel_v2_manual_recluster_k3
51050,1,3,blue_green_combined,"[""celadon""]",lab_slots_ab_hist_rel_v2_manual_recluster_k3
51067,1,3,blue_green_combined,"[""blue_green_family""]",lab_slots_ab_hist_rel_v2_manual_recluster_k3
51106,0,3,blue_green_combined,"[""green""]",lab_slots_ab_hist_rel_v2_manual_recluster_k3
51179,0,3,blue_green_combined,"[""green""]",lab_slots_ab_hist_rel_v2_manual_recluster_k3
51217,1,3,blue_green_combined,"[""blue_green_family""]",lab_slots_ab_hist_rel_v2_manual_recluster_k3
51218,2,3,blue_green_combined,"[""cyan""]",lab_slots_ab_hist_rel_v2_manual_recluster_k3
52036,0,3,blue_green_combined,"[""green""]",lab_slots_ab_hist_rel_v2_manual_recluster_k3
52065,1,3,blue_green_combined,"[""green""]",lab_slots_ab_hist_rel_v2_manual_recluster_k3
52081,1,3,blue_green_combined,"[""celadon""]",lab_slots_ab_hist_rel_v2_manual_recluster_k3
52252,1,3,blue_green_combined,"[""blue_green_family""]",lab_slots_ab_hist_rel_v2_manual_recluster_k3
52610,0,3,blue_green_combined,"[""green""]",lab_slots_ab_hist_rel_v2_manual_recluster_k3
52611,1,3,blue_green_combined,"[""celadon""]",lab_slots_ab_hist_rel_v2_manual_recluster_k3
52656,1,3,blue_green_combined,"[""blue_green_family""]",lab_slots_ab_hist_rel_v2_manual_recluster_k3
52659,1,3,blue_green_combined,"[""blue_green_family""]",lab_slots_ab_hist_rel_v2_manual_recluster_k3
52679,1,3,blue_green_combined,"[""celadon""]",lab_slots_ab_hist_rel_v2_manual_recluster_k3
52739,1,3,blue_green_combined,"[""blue_green_family""]",lab_slots_ab_hist_rel_v2_manual_recluster_k3
52916,1,3,blue_green_combined,"[""blue""]",lab_slots_ab_hist_rel_v2_manual_recluster_k3
52936,1,3,blue_green_combined,"[""blue_green_family"",""blue_green_family""]",lab_slots_ab_hist_rel_v2_manual_recluster_k3
53765,2,3,blue_green_combined,"[""cyan""]",lab_slots_ab_hist_rel_v2_manual_recluster_k3
53798,1,3,blue_green_combined,"[""blue_green_family""]",lab_slots_ab_hist_rel_v2_manual_recluster_k3
57434,1,3,blue_green_combined,"[""celadon""]",lab_slots_ab_hist_rel_v2_manual_recluster_k3
57517,1,3,blue_green_combined,"[""celadon""]",lab_slots_ab_hist_rel_v2_manual_recluster_k3
62559,2,3,blue_green_combined,"[""blue""]",lab_slots_ab_hist_rel_v2_manual_recluster_k3
62571,1,3,blue_green_combined,"[""green""]",lab_slots_ab_hist_rel_v2_manual_recluster_k3
62722,1,3,blue_green_combined,"[""blue_green_family""]",lab_slots_ab_hist_rel_v2_manual_recluster_k3
63942,1,3,blue_green_combined,"[""green""]",lab_slots_ab_hist_rel_v2_manual_recluster_k3
73635,0,3,blue_green_combined,"[""green""]",lab_slots_ab_hist_rel_v2_manual_recluster_k3
73676,1,3,blue_green_combined,"[""blue_green_family"",""blue_green_family""]",lab_slots_ab_hist_rel_v2_manual_recluster_k3
74243,1,3,blue_green_combined,"[""blue_green_family""]",lab_slots_ab_hist_rel_v2_manual_recluster_k3
76452,1,3,blue_green_combined,"[""blue""]",lab_slots_ab_hist_rel_v2_manual_recluster_k3
188777,1,3,blue_green_combined,"[""blue_green_family""]",lab_slots_ab_hist_rel_v2_manual_recluster_k3
192803,0,3,blue_green_combined,"[""cyan""]",lab_slots_ab_hist_rel_v2_manual_recluster_k3
194291,2,3,blue_green_combined,"[""blue""]",lab_slots_ab_hist_rel_v2_manual_recluster_k3
194590,0,3,blue_green_combined,"[""green""]",lab_slots_ab_hist_rel_v2_manual_recluster_k3
194644,0,3,blue_green_combined,"[""green""]",lab_slots_ab_hist_rel_v2_manual_recluster_k3
202218,0,3,blue_green_combined,"[""cyan""]",lab_slots_ab_hist_rel_v2_manual_recluster_k3
206107,0,3,blue_green_combined,"[""cyan""]",lab_slots_ab_hist_rel_v2_manual_recluster_k3
207776,1,3,blue_green_combined,"[""blue_green_family""]",lab_slots_ab_hist_rel_v2_manual_recluster_k3
208036,2,3,blue_green_combined,"[""blue""]",lab_slots_ab_hist_rel_v2_manual_recluster_k3
250238,1,3,blue_green_combined,"[""blue_green_family""]",lab_slots_ab_hist_rel_v2_manual_recluster_k3
309521,1,3,blue_green_combined,"[""blue_green_family""]",lab_slots_ab_hist_rel_v2_manual_recluster_k3
444480,1,3,blue_green_combined,"[""blue_green_family""]",lab_slots_ab_hist_rel_v2_manual_recluster_k3
444481,2,3,blue_green_combined,"[""blue""]",lab_slots_ab_hist_rel_v2_manual_recluster_k3
444488,1,3,blue_green_combined,"[""blue""]",lab_slots_ab_hist_rel_v2_manual_recluster_k3
444495,2,3,blue_green_combined,"[""blue""]",lab_slots_ab_hist_rel_v2_manual_recluster_k3
444508,2,3,blue_green_combined,"[""blue""]",lab_slots_ab_hist_rel_v2_manual_recluster_k3
445230,1,3,blue_green_combined,"[""green""]",lab_slots_ab_hist_rel_v2_manual_recluster_k3
445270,1,3,blue_green_combined,"[""blue_green_family""]",lab_slots_ab_hist_rel_v2_manual_recluster_k3
445289,1,3,blue_green_combined,"[""cyan""]",lab_slots_ab_hist_rel_v2_manual_recluster_k3
446195,1,3,blue_green_combined,"[""blue_green_family""]",lab_slots_ab_hist_rel_v2_manual_recluster_k3
446217,1,3,blue_green_combined,"[""blue""]",lab_slots_ab_hist_rel_v2_manual_recluster_k3
446269,1,3,blue_green_combined,"[""blue_green_family""]",lab_slots_ab_hist_rel_v2_manual_recluster_k3
446652,0,3,blue_green_combined,"[""cyan""]",lab_slots_ab_hist_rel_v2_manual_recluster_k3
446908,0,3,blue_green_combined,"[""cyan""]",lab_slots_ab_hist_rel_v2_manual_recluster_k3
447072,1,3,blue_green_combined,"[""blue_green_family""]",lab_slots_ab_hist_rel_v2_manual_recluster_k3
447137,1,3,blue_green_combined,"[""blue""]",lab_slots_ab_hist_rel_v2_manual_recluster_k3
447138,2,3,blue_green_combined,"[""blue""]",lab_slots_ab_hist_rel_v2_manual_recluster_k3
447139,1,3,blue_green_combined,"[""cyan""]",lab_slots_ab_hist_rel_v2_manual_recluster_k3
447275,1,3,blue_green_combined,"[""blue_green_family""]",lab_slots_ab_hist_rel_v2_manual_recluster_k3
447276,1,3,blue_green_combined,"[""celadon""]",lab_slots_ab_hist_rel_v2_manual_recluster_k3
447277,0,3,blue_green_combined,"[""green""]",lab_slots_ab_hist_rel_v2_manual_recluster_k3
447617,0,3,blue_green_combined,"[""cyan""]",lab_slots_ab_hist_rel_v2_manual_recluster_k3
448186,1,3,blue_green_combined,"[""blue_green_family""]",lab_slots_ab_hist_rel_v2_manual_recluster_k3
448395,0,3,blue_green_combined,"[""cyan""]",lab_slots_ab_hist_rel_v2_manual_recluster_k3
448430,2,3,blue_green_combined,"[""blue""]",lab_slots_ab_hist_rel_v2_manual_recluster_k3
448441,2,3,blue_green_combined,"[""cyan""]",lab_slots_ab_hist_rel_v2_manual_recluster_k3
448448,2,3,blue_green_combined,"[""blue""]",lab_slots_ab_hist_rel_v2_manual_recluster_k3
448671,0,3,blue_green_combined,"[""blue""]",lab_slots_ab_hist_rel_v2_manual_recluster_k3
448686,1,3,blue_green_combined,"[""blue_green_family""]",lab_slots_ab_hist_rel_v2_manual_recluster_k3
448969,1,3,blue_green_combined,"[""blue_green_family""]",lab_slots_ab_hist_rel_v2_manual_recluster_k3
448975,1,3,blue_green_combined,"[""celadon""]",lab_slots_ab_hist_rel_v2_manual_recluster_k3
448976,1,3,blue_green_combined,"[""blue_green_family""]",lab_slots_ab_hist_rel_v2_manual_recluster_k3
449010,0,3,blue_green_combined,"[""green""]",lab_slots_ab_hist_rel_v2_manual_recluster_k3
449063,1,3,blue_green_combined,"[""blue""]",lab_slots_ab_hist_rel_v2_manual_recluster_k3
449078,1,3,blue_green_combined,"[""blue_green_family""]",lab_slots_ab_hist_rel_v2_manual_recluster_k3
449129,0,3,blue_green_combined,"[""cyan""]",lab_slots_ab_hist_rel_v2_manual_recluster_k3
449428,1,3,blue_green_combined,"[""blue_green_family""]",lab_slots_ab_hist_rel_v2_manual_recluster_k3
449497,1,3,blue_green_combined,"[""blue_green_family""]",lab_slots_ab_hist_rel_v2_manual_recluster_k3
449508,1,3,blue_green_combined,"[""blue_green_family""]",lab_slots_ab_hist_rel_v2_manual_recluster_k3
449559,1,3,blue_green_combined,"[""green""]",lab_slots_ab_hist_rel_v2_manual_recluster_k3
449686,0,3,blue_green_combined,"[""green""]",lab_slots_ab_hist_rel_v2_manual_recluster_k3
449708,1,3,blue_green_combined,"[""green""]",lab_slots_ab_hist_rel_v2_manual_recluster_k3
450459,2,3,blue_green_combined,"[""blue""]",lab_slots_ab_hist_rel_v2_manual_recluster_k3
450460,1,3,blue_green_combined,"[""blue_green_family""]",lab_slots_ab_hist_rel_v2_manual_recluster_k3
450747,2,3,blue_green_combined,"[""cyan""]",lab_slots_ab_hist_rel_v2_manual_recluster_k3
450929,1,3,blue_green_combined,"[""blue_green_family""]",lab_slots_ab_hist_rel_v2_manual_recluster_k3
451200,0,3,blue_green_combined,"[""cyan""]",lab_slots_ab_hist_rel_v2_manual_recluster_k3
451349,2,3,blue_green_combined,"[""blue""]",lab_slots_ab_hist_rel_v2_manual_recluster_k3
451352,0,3,blue_green_combined,"[""cyan""]",lab_slots_ab_hist_rel_v2_manual_recluster_k3
451361,2,3,blue_green_combined,"[""cyan""]",lab_slots_ab_hist_rel_v2_manual_recluster_k3
451362,2,3,blue_green_combined,"[""cyan""]",lab_slots_ab_hist_rel_v2_manual_recluster_k3
451363,2,3,blue_green_combined,"[""cyan""]",lab_slots_ab_hist_rel_v2_manual_recluster_k3
451364,2,3,blue_green_combined,"[""cyan""]",lab_slots_ab_hist_rel_v2_manual_recluster_k3
451365,0,3,blue_green_combined,"[""cyan""]",lab_slots_ab_hist_rel_v2_manual_recluster_k3
451397,0,3,blue_green_combined,"[""green""]",lab_slots_ab_hist_rel_v2_manual_recluster_k3
451618,0,3,blue_green_combined,"[""cyan""]",lab_slots_ab_hist_rel_v2_manual_recluster_k3
451621,1,3,blue_green_combined,"[""cyan""]",lab_slots_ab_hist_rel_v2_manual_recluster_k3
451622,1,3,blue_green_combined,"[""blue_green_family""]",lab_slots_ab_hist_rel_v2_manual_recluster_k3
451635,1,3,blue_green_combined,"[""blue_green_family""]",lab_slots_ab_hist_rel_v2_manual_recluster_k3
451763,1,3,blue_green_combined,"[""blue""]",lab_slots_ab_hist_rel_v2_manual_recluster_k3
451946,1,3,blue_green_combined,"[""blue_green_family""]",lab_slots_ab_hist_rel_v2_manual_recluster_k3
452034,1,3,blue_green_combined,"[""blue_green_family""]",lab_slots_ab_hist_rel_v2_manual_recluster_k3
452082,1,3,blue_green_combined,"[""green""]",lab_slots_ab_hist_rel_v2_manual_recluster_k3
452610,0,3,blue_green_combined,"[""cyan""]",lab_slots_ab_hist_rel_v2_manual_recluster_k3
452735,1,3,blue_green_combined,"[""blue_green_family""]",lab_slots_ab_hist_rel_v2_manual_recluster_k3
452853,1,3,blue_green_combined,"[""celadon""]",lab_slots_ab_hist_rel_v2_manual_recluster_k3
453047,0,3,blue_green_combined,"[""green""]",lab_slots_ab_hist_rel_v2_manual_recluster_k3
453308,0,3,blue_green_combined,"[""green""]",lab_slots_ab_hist_rel_v2_manual_recluster_k3
453996,0,3,blue_green_combined,"[""cyan""]",lab_slots_ab_hist_rel_v2_manual_recluster_k3
454610,1,3,blue_green_combined,"[""blue_green_family""]",lab_slots_ab_hist_rel_v2_manual_recluster_k3
454767,2,3,blue_green_combined,"[""cyan""]",lab_slots_ab_hist_rel_v2_manual_recluster_k3
460659,1,3,blue_green_combined,"[""blue_green_family""]",lab_slots_ab_hist_rel_v2_manual_recluster_k3
460664,1,3,blue_green_combined,"[""celadon""]",lab_slots_ab_hist_rel_v2_manual_recluster_k3
460681,0,3,blue_green_combined,"[""green""]",lab_slots_ab_hist_rel_v2_manual_recluster_k3
460715,2,3,blue_green_combined,"[""blue""]",lab_slots_ab_hist_rel_v2_manual_recluster_k3
460717,2,3,blue_green_combined,"[""blue""]",lab_slots_ab_hist_rel_v2_manual_recluster_k3
461224,0,3,blue_green_combined,"[""green""]",lab_slots_ab_hist_rel_v2_manual_recluster_k3
465831,1,3,blue_green_combined,"[""green""]",lab_slots_ab_hist_rel_v2_manual_recluster_k3
468381,1,3,blue_green_combined,"[""blue_green_family""]",lab_slots_ab_hist_rel_v2_manual_recluster_k3
468382,1,3,blue_green_combined,"[""blue_green_family""]",lab_slots_ab_hist_rel_v2_manual_recluster_k3
468391,1,3,blue_green_combined,"[""blue_green_family""]",lab_slots_ab_hist_rel_v2_manual_recluster_k3
468394,1,3,blue_green_combined,"[""blue_green_family""]",lab_slots_ab_hist_rel_v2_manual_recluster_k3
468395,1,3,blue_green_combined,"[""green""]",lab_slots_ab_hist_rel_v2_manual_recluster_k3
468396,1,3,blue_green_combined,"[""green""]",lab_slots_ab_hist_rel_v2_manual_recluster_k3
468397,0,3,blue_green_combined,"[""green""]",lab_slots_ab_hist_rel_v2_manual_recluster_k3
468398,1,3,blue_green_combined,"[""green""]",lab_slots_ab_hist_rel_v2_manual_recluster_k3
468399,1,3,blue_green_combined,"[""green""]",lab_slots_ab_hist_rel_v2_manual_recluster_k3
468400,1,3,blue_green_combined,"[""blue_green_family""]",lab_slots_ab_hist_rel_v2_manual_recluster_k3
477815,1,3,blue_green_combined,"[""green""]",lab_slots_ab_hist_rel_v2_manual_recluster_k3
479661,1,3,blue_green_combined,"[""blue_green_family""]",lab_slots_ab_hist_rel_v2_manual_recluster_k3
479662,1,3,blue_green_combined,"[""green""]",lab_slots_ab_hist_rel_v2_manual_recluster_k3
625629,1,3,blue_green_combined,"[""blue_green_family""]",lab_slots_ab_hist_rel_v2_manual_recluster_k3
651289,1,3,blue_green_combined,"[""green""]",lab_slots_ab_hist_rel_v2_manual_recluster_k3
658676,0,3,blue_green_combined,"[""cyan""]",lab_slots_ab_hist_rel_v2_manual_recluster_k3
658718,0,3,blue_green_combined,"[""cyan""]",lab_slots_ab_hist_rel_v2_manual_recluster_k3
670804,0,3,blue_green_combined,"[""cyan""]",lab_slots_ab_hist_rel_v2_manual_recluster_k3
670806,2,3,blue_green_combined,"[""cyan""]",lab_slots_ab_hist_rel_v2_manual_recluster_k3
670813,1,3,blue_green_combined,"[""blue_green_family""]",lab_slots_ab_hist_rel_v2_manual_recluster_k3
708306,2,3,blue_green_combined,"[""blue""]",lab_slots_ab_hist_rel_v2_manual_recluster_k3
769061,0,3,blue_green_combined,"[""green""]",lab_slots_ab_hist_rel_v2_manual_recluster_k3
770913,0,3,blue_green_combined,"[""cyan""]",lab_slots_ab_hist_rel_v2_manual_recluster_k3
770914,0,3,blue_green_combined,"[""cyan""]",lab_slots_ab_hist_rel_v2_manual_recluster_k3
770916,0,3,blue_green_combined,"[""cyan""]",lab_slots_ab_hist_rel_v2_manual_recluster_k3
770931,0,3,blue_green_combined,"[""cyan""]",lab_slots_ab_hist_rel_v2_manual_recluster_k3
770939,0,3,blue_green_combined,"[""cyan""]",lab_slots_ab_hist_rel_v2_manual_recluster_k3
770946,2,3,blue_green_combined,"[""cyan""]",lab_slots_ab_hist_rel_v2_manual_recluster_k3
770951,2,3,blue_green_combined,"[""cyan""]",lab_slots_ab_hist_rel_v2_manual_recluster_k3
770970,1,3,blue_green_combined,"[""celadon""]",lab_slots_ab_hist_rel_v2_manual_recluster_k3
770971,2,3,blue_green_combined,"[""cyan""]",lab_slots_ab_hist_rel_v2_manual_recluster_k3
770973,1,3,blue_green_combined,"[""blue_green_family""]",lab_slots_ab_hist_rel_v2_manual_recluster_k3
770974,1,3,blue_green_combined,"[""blue_green_family""]",lab_slots_ab_hist_rel_v2_manual_recluster_k3
770975,1,3,blue_green_combined,"[""celadon""]",lab_slots_ab_hist_rel_v2_manual_recluster_k3
770977,0,3,blue_green_combined,"[""cyan""]",lab_slots_ab_hist_rel_v2_manual_recluster_k3
771015,0,3,blue_green_combined,"[""green""]",lab_slots_ab_hist_rel_v2_manual_recluster_k3
771016,0,3,blue_green_combined,"[""green""]",lab_slots_ab_hist_rel_v2_manual_recluster_k3
771026,0,3,blue_green_combined,"[""cyan""]",lab_slots_ab_hist_rel_v2_manual_recluster_k3
771028,2,3,blue_green_combined,"[""cyan""]",lab_slots_ab_hist_rel_v2_manual_recluster_k3
771030,2,3,blue_green_combined,"[""blue""]",lab_slots_ab_hist_rel_v2_manual_recluster_k3
771066,2,3,blue_green_combined,"[""cyan""]",lab_slots_ab_hist_rel_v2_manual_recluster_k3
771081,2,3,blue_green_combined,"[""cyan""]",lab_slots_ab_hist_rel_v2_manual_recluster_k3
851661,1,3,blue_green_combined,"[""blue_green_family"",""blue_green_family""]",lab_slots_ab_hist_rel_v2_manual_recluster_k3
890331,1,3,blue_green_combined,"[""blue_green_family""]",lab_slots_ab_hist_rel_v2_manual_recluster_k3
